,well,bait_antigen,clone,concentration,A450,antigen,expt,condition
0,A1,-,1.3.5,100.0,1.795199990272522,PAK flagellin,025ae,"1.3.5, 100.0 µg/mL"
2,A10,+,1.7.1,100.0,2.02839994430542,PAK flagellin,025ae,"1.7.1, 100.0 µg/mL"
4,A11,+,1.7.1,100.0,2.1552999019622803,PAK flagellin,025ae,"1.7.1, 100.0 µg/mL"
6,A12,+,1.7.1,100.0,2.183199882507324,PAK flagellin,025ae,"1.7.1, 100.0 µg/mL"
8,A2,-,1.3.5,100.0,1.8813999891281128,PAK flagellin,025ae,"1.3.5, 100.0 µg/mL"
10,A3,-,1.3.5,100.0,1.8069000244140625,PAK flagellin,025ae,"1.3.5, 100.0 µg/mL"
12,A4,+,1.3.5,100.0,1.9981000423431396,PAK flagellin,025ae,"1.3.5, 100.0 µg/mL"
14,A5,+,1.3.5,100.0,1.8688000440597534,PAK flagellin,025ae,"1.3.5, 100.0 µg/mL"
16,A6,+,1.3.5,100.0,1.9127000570297241,PAK flagellin,025ae,"1.3.5, 100.0 µg/mL"
18,A7,-,1.7.1,100.0,1.1366000175476074,PAK flagellin,025ae,"1.7.1, 100.0 µg/mL"
20,A8,-,1.7.1,100.0,1.1615999937057495,PAK flagellin,025ae,"1.7.1, 100.0 µg/mL"
22,A9,-,1.7.1,100.0,1.2056000232696533,PAK flagellin,025ae,"1.7.1, 100.0 µg/mL"
24,B1,-,1.3.5,10.0,1.4163000583648682,PAK flagellin,025ae,"1.3.5, 10.0 µg/mL"
26,B10,+,1.7.1,10.0,1.964400053024292,PAK flagellin,025ae,"1.7.1, 10.0 µg/mL"
28,B11,+,1.7.1,10.0,2.0201001167297363,PAK flagellin,025ae,"1.7.1, 10.0 µg/mL"
30,B12,+,1.7.1,10.0,2.2011001110076904,PAK flagellin,025ae,"1.7.1, 10.0 µg/mL"
32,B2,-,1.3.5,10.0,1.4013999700546265,PAK flagellin,025ae,"1.3.5, 10.0 µg/mL"
34,B3,-,1.3.5,10.0,1.388100028038025,PAK flagellin,025ae,"1.3.5, 10.0 µg/mL"
36,B4,+,1.3.5,10.0,1.8824000358581543,PAK flagellin,025ae,"1.3.5, 10.0 µg/mL"
38,B5,+,1.3.5,10.0,1.8152999877929688,PAK flagellin,025ae,"1.3.5, 10.0 µg/mL"
40,B6,+,1.3.5,10.0,1.9639999866485596,PAK flagellin,025ae,"1.3.5, 10.0 µg/mL"
42,B7,-,1.7.1,10.0,0.739300012588501,PAK flagellin,025ae,"1.7.1, 10.0 µg/mL"
44,B8,-,1.7.1,10.0,0.7698000073432922,PAK flagellin,025ae,"1.7.1, 10.0 µg/mL"
46,B9,-,1.7.1,10.0,0.7645999789237976,PAK flagellin,025ae,"1.7.1, 10.0 µg/mL"
48,C1,-,1.3.5,2.0,0.7580999732017517,PAK flagellin,025ae,"1.3.5, 2.0 µg/mL"
50,C10,+,1.7.1,2.0,1.2532999515533447,PAK flagellin,025ae,"1.7.1, 2.0 µg/mL"
52,C11,+,1.7.1,2.0,1.2879999876022339,PAK flagellin,025ae,"1.7.1, 2.0 µg/mL"
54,C12,+,1.7.1,2.0,1.2874000072479248,PAK flagellin,025ae,"1.7.1, 2.0 µg/mL"
56,C2,-,1.3.5,2.0,0.7213000059127808,PAK flagellin,025ae,"1.3.5, 2.0 µg/mL"
58,C3,-,1.3.5,2.0,0.7059000134468079,PAK flagellin,025ae,"1.3.5, 2.0 µg/mL"
60,C4,+,1.3.5,2.0,1.9864000082015991,PAK flagellin,025ae,"1.3.5, 2.0 µg/mL"
62,C5,+,1.3.5,2.0,1.878999948501587,PAK flagellin,025ae,"1.3.5, 2.0 µg/mL"
64,C6,+,1.3.5,2.0,1.8538999557495117,PAK flagellin,025ae,"1.3.5, 2.0 µg/mL"
66,C7,-,1.7.1,2.0,0.36149999499320984,PAK flagellin,025ae,"1.7.1, 2.0 µg/mL"
68,C8,-,1.7.1,2.0,0.3628999888896942,PAK flagellin,025ae,"1.7.1, 2.0 µg/mL"
70,C9,-,1.7.1,2.0,0.3560999929904938,PAK flagellin,025ae,"1.7.1, 2.0 µg/mL"
72,D1,-,1.3.5,1.0,0.48420000076293945,PAK flagellin,025ae,"1.3.5, 1.0 µg/mL"
74,D10,+,1.7.1,1.0,0.8812000155448914,PAK flagellin,025ae,"1.7.1, 1.0 µg/mL"
76,D11,+,1.7.1,1.0,0.9052000045776367,PAK flagellin,025ae,"1.7.1, 1.0 µg/mL"
78,D12,+,1.7.1,1.0,0.9057999849319458,PAK flagellin,025ae,"1.7.1, 1.0 µg/mL"
80,D2,-,1.3.5,1.0,0.46059998869895935,PAK flagellin,025ae,"1.3.5, 1.0 µg/mL"
82,D3,-,1.3.5,1.0,0.4498000144958496,PAK flagellin,025ae,"1.3.5, 1.0 µg/mL"
84,D4,+,1.3.5,1.0,1.8444000482559204,PAK flagellin,025ae,"1.3.5, 1.0 µg/mL"
86,D5,+,1.3.5,1.0,1.9081000089645386,PAK flagellin,025ae,"1.3.5, 1.0 µg/mL"
88,D6,+,1.3.5,1.0,1.9874999523162842,PAK flagellin,025ae,"1.3.5, 1.0 µg/mL"
90,D7,-,1.7.1,1.0,0.23389999568462372,PAK flagellin,025ae,"1.7.1, 1.0 µg/mL"
92,D8,-,1.7.1,1.0,0.2460000067949295,PAK flagellin,025ae,"1.7.1, 1.0 µg/mL"
94,D9,-,1.7.1,1.0,0.2451000064611435,PAK flagellin,025ae,"1.7.1, 1.0 µg/mL"
96,E1,-,1.3.5,0.2,0.17100000381469727,PAK flagellin,025ae,"1.3.5, 0.2 µg/mL"
98,E10,+,1.7.1,0.2,0.29100000858306885,PAK flagellin,025ae,"1.7.1, 0.2 µg/mL"
100,E11,+,1.7.1,0.2,0.2924000024795532,PAK flagellin,025ae,"1.7.1, 0.2 µg/mL"
102,E12,+,1.7.1,0.2,0.2840999960899353,PAK flagellin,025ae,"1.7.1, 0.2 µg/mL"
104,E2,-,1.3.5,0.2,0.16840000450611115,PAK flagellin,025ae,"1.3.5, 0.2 µg/mL"
106,E3,-,1.3.5,0.2,0.1598999947309494,PAK flagellin,025ae,"1.3.5, 0.2 µg/mL"
108,E4,+,1.3.5,0.2,1.6842999458312988,PAK flagellin,025ae,"1.3.5, 0.2 µg/mL"
110,E5,+,1.3.5,0.2,1.7968000173568726,PAK flagellin,025ae,"1.3.5, 0.2 µg/mL"
112,E6,+,1.3.5,0.2,1.7506999969482422,PAK flagellin,025ae,"1.3.5, 0.2 µg/mL"
114,E7,-,1.7.1,0.2,0.10189999639987946,PAK flagellin,025ae,"1.7.1, 0.2 µg/mL"
116,E8,-,1.7.1,0.2,0.10369999706745148,PAK flagellin,025ae,"1.7.1, 0.2 µg/mL"
118,E9,-,1.7.1,0.2,0.11789999902248383,PAK flagellin,025ae,"1.7.1, 0.2 µg/mL"
120,F1,-,1.3.5,0.1,0.11940000206232071,PAK flagellin,025ae,"1.3.5, 0.1 µg/mL"
122,F10,+,1.7.1,0.1,0.17470000684261322,PAK flagellin,025ae,"1.7.1, 0.1 µg/mL"
124,F11,+,1.7.1,0.1,0.17730000615119934,PAK flagellin,025ae,"1.7.1, 0.1 µg/mL"
126,F12,+,1.7.1,0.1,0.1696999967098236,PAK flagellin,025ae,"1.7.1, 0.1 µg/mL"
128,F2,-,1.3.5,0.1,0.1216999962925911,PAK flagellin,025ae,"1.3.5, 0.1 µg/mL"
130,F3,-,1.3.5,0.1,0.1160999983549118,PAK flagellin,025ae,"1.3.5, 0.1 µg/mL"
132,F4,+,1.3.5,0.1,1.419700026512146,PAK flagellin,025ae,"1.3.5, 0.1 µg/mL"
134,F5,+,1.3.5,0.1,1.4814000129699707,PAK flagellin,025ae,"1.3.5, 0.1 µg/mL"
136,F6,+,1.3.5,0.1,1.4815000295639038,PAK flagellin,025ae,"1.3.5, 0.1 µg/mL"
138,F7,-,1.7.1,0.1,0.08609999716281891,PAK flagellin,025ae,"1.7.1, 0.1 µg/mL"
140,F8,-,1.7.1,0.1,0.10559999942779541,PAK flagellin,025ae,"1.7.1, 0.1 µg/mL"
142,F9,-,1.7.1,0.1,0.08709999918937683,PAK flagellin,025ae,"1.7.1, 0.1 µg/mL"
144,G1,-,No 1°,0.0,0.05959999933838844,PAK flagellin,025ae,"No 1°, 0.0 µg/mL"
145,G1,-,No 1°,0.0,0.0625,PAO1 flagellin,025ae,"No 1°, 0.0 µg/mL"
146,G10,+,No 1°,0.0,0.066600002348423,PAK flagellin,025ae,"No 1°, 0.0 µg/mL"
147,G10,+,No 1°,0.0,0.05810000002384186,PAO1 flagellin,025ae,"No 1°, 0.0 µg/mL"
148,G11,+,No 1°,0.0,0.0658000037074089,PAK flagellin,025ae,"No 1°, 0.0 µg/mL"
149,G11,+,No 1°,0.0,0.05990000069141388,PAO1 flagellin,025ae,"No 1°, 0.0 µg/mL"
150,G12,+,No 1°,0.0,0.05990000069141388,PAK flagellin,025ae,"No 1°, 0.0 µg/mL"
151,G12,+,No 1°,0.0,0.061000000685453415,PAO1 flagellin,025ae,"No 1°, 0.0 µg/mL"
152,G2,-,No 1°,0.0,0.07020000368356705,PAK flagellin,025ae,"No 1°, 0.0 µg/mL"
153,G2,-,No 1°,0.0,0.06840000301599503,PAO1 flagellin,025ae,"No 1°, 0.0 µg/mL"
154,G3,-,No 1°,0.0,0.06310000270605087,PAK flagellin,025ae,"No 1°, 0.0 µg/mL"
155,G3,-,No 1°,0.0,0.06759999692440033,PAO1 flagellin,025ae,"No 1°, 0.0 µg/mL"
156,G4,+,No 1°,0.0,0.06279999762773514,PAK flagellin,025ae,"No 1°, 0.0 µg/mL"
157,G4,+,No 1°,0.0,0.05900000035762787,PAO1 flagellin,025ae,"No 1°, 0.0 µg/mL"
158,G5,+,No 1°,0.0,0.06419999897480011,PAK flagellin,025ae,"No 1°, 0.0 µg/mL"
159,G5,+,No 1°,0.0,0.062300000339746475,PAO1 flagellin,025ae,"No 1°, 0.0 µg/mL"
160,G6,+,No 1°,0.0,0.06549999862909317,PAK flagellin,025ae,"No 1°, 0.0 µg/mL"
161,G6,+,No 1°,0.0,0.07779999822378159,PAO1 flagellin,025ae,"No 1°, 0.0 µg/mL"
162,G7,-,No 1°,0.0,0.06549999862909317,PAK flagellin,025ae,"No 1°, 0.0 µg/mL"
163,G7,-,No 1°,0.0,0.07400000095367432,PAO1 flagellin,025ae,"No 1°, 0.0 µg/mL"
164,G8,-,No 1°,0.0,0.061900001019239426,PAK flagellin,025ae,"No 1°, 0.0 µg/mL"
165,G8,-,No 1°,0.0,0.08479999750852585,PAO1 flagellin,025ae,"No 1°, 0.0 µg/mL"
166,G9,-,No 1°,0.0,0.07819999754428864,PAK flagellin,025ae,"No 1°, 0.0 µg/mL"
167,G9,-,No 1°,0.0,0.08070000261068344,PAO1 flagellin,025ae,"No 1°, 0.0 µg/mL"
168,H1,-,YU573,0.02,0.14589999616146088,PAK flagellin,025ae,"YU573, 0.02 µg/mL"
169,H1,-,YU573,0.02,1.4018000364303589,PAO1 flagellin,025ae,"YU573, 0.02 µg/mL"
170,H10,+,YU573,0.02,1.6835999488830566,PAK flagellin,025ae,"YU573, 0.02 µg/mL"
171,H10,+,YU573,0.02,0.10249999910593033,PAO1 flagellin,025ae,"YU573, 0.02 µg/mL"
172,H11,+,YU573,0.02,1.9010000228881836,PAK flagellin,025ae,"YU573, 0.02 µg/mL"
173,H11,+,YU573,0.02,0.1046999990940094,PAO1 flagellin,025ae,"YU573, 0.02 µg/mL"
174,H12,+,YU573,0.02,1.7932000160217285,PAK flagellin,025ae,"YU573, 0.02 µg/mL"
175,H12,+,YU573,0.02,0.09870000183582306,PAO1 flagellin,025ae,"YU573, 0.02 µg/mL"
176,H2,-,YU573,0.02,0.14720000326633453,PAK flagellin,025ae,"YU573, 0.02 µg/mL"
177,H2,-,YU573,0.02,1.3588999509811401,PAO1 flagellin,025ae,"YU573, 0.02 µg/mL"
178,H3,-,YU573,0.02,0.14830000698566437,PAK flagellin,025ae,"YU573, 0.02 µg/mL"
179,H3,-,YU573,0.02,1.4565000534057617,PAO1 flagellin,025ae,"YU573, 0.02 µg/mL"
180,H4,+,YU573,0.02,1.781499981880188,PAK flagellin,025ae,"YU573, 0.02 µg/mL"
181,H4,+,YU573,0.02,0.10339999943971634,PAO1 flagellin,025ae,"YU573, 0.02 µg/mL"
182,H5,+,YU573,0.02,1.7648999691009521,PAK flagellin,025ae,"YU573, 0.02 µg/mL"
183,H5,+,YU573,0.02,0.11739999800920486,PAO1 flagellin,025ae,"YU573, 0.02 µg/mL"
184,H6,+,YU573,0.02,1.7746000289916992,PAK flagellin,025ae,"YU573, 0.02 µg/mL"
185,H6,+,YU573,0.02,0.10660000145435333,PAO1 flagellin,025ae,"YU573, 0.02 µg/mL"
186,H7,-,YU573,0.02,0.14239999651908875,PAK flagellin,025ae,"YU573, 0.02 µg/mL"
187,H7,-,YU573,0.02,1.4983999729156494,PAO1 flagellin,025ae,"YU573, 0.02 µg/mL"
188,H8,-,YU573,0.02,0.15629999339580536,PAK flagellin,025ae,"YU573, 0.02 µg/mL"
189,H8,-,YU573,0.02,1.4593000411987305,PAO1 flagellin,025ae,"YU573, 0.02 µg/mL"
190,H9,-,YU573,0.02,0.14509999752044678,PAK flagellin,025ae,"YU573, 0.02 µg/mL"
191,H9,-,YU573,0.02,1.5154999494552612,PAO1 flagellin,025ae,"YU573, 0.02 µg/mL"
0,A1,-,1.3.5,10.0,1.4289000034332275,PAK flagellin,025af,"1.3.5, 10.0 µg/mL"
1,A1,-,2.5.6,10.0,0.2745000123977661,PAO1 flagellin,025af,"2.5.6, 10.0 µg/mL"
2,A1,-,4.1.2,10.0,0.31189998984336853,PAK pilin,025af,"4.1.2, 10.0 µg/mL"
3,A10,+,1.7.1,10.0,1.808500051498413,PAK flagellin,025af,"1.7.1, 10.0 µg/mL"
4,A10,+,2.13.1,10.0,1.8588000535964966,PAO1 flagellin,025af,"2.13.1, 10.0 µg/mL"
5,A10,+,4.2.1,10.0,1.7166999578475952,PAK pilin,025af,"4.2.1, 10.0 µg/mL"
6,A11,+,1.7.1,10.0,1.8014999628067017,PAK flagellin,025af,"1.7.1, 10.0 µg/mL"
7,A11,+,2.13.1,10.0,1.8788000345230103,PAO1 flagellin,025af,"2.13.1, 10.0 µg/mL"
8,A11,+,4.2.1,10.0,1.7676000595092773,PAK pilin,025af,"4.2.1, 10.0 µg/mL"
9,A12,+,1.7.1,10.0,1.8134000301361084,PAK flagellin,025af,"1.7.1, 10.0 µg/mL"
10,A12,+,2.13.1,10.0,1.8768999576568604,PAO1 flagellin,025af,"2.13.1, 10.0 µg/mL"
11,A12,+,4.2.1,10.0,1.6922999620437622,PAK pilin,025af,"4.2.1, 10.0 µg/mL"
12,A2,-,1.3.5,10.0,1.4045000076293945,PAK flagellin,025af,"1.3.5, 10.0 µg/mL"
13,A2,-,2.5.6,10.0,0.26190000772476196,PAO1 flagellin,025af,"2.5.6, 10.0 µg/mL"
14,A2,-,4.1.2,10.0,0.29280000925064087,PAK pilin,025af,"4.1.2, 10.0 µg/mL"
15,A3,-,1.3.5,10.0,1.3372999429702759,PAK flagellin,025af,"1.3.5, 10.0 µg/mL"
16,A3,-,2.5.6,10.0,0.2662999927997589,PAO1 flagellin,025af,"2.5.6, 10.0 µg/mL"
17,A3,-,4.1.2,10.0,0.29910001158714294,PAK pilin,025af,"4.1.2, 10.0 µg/mL"
18,A4,+,1.3.5,10.0,1.7683000564575195,PAK flagellin,025af,"1.3.5, 10.0 µg/mL"
19,A4,+,2.5.6,10.0,1.8523000478744507,PAO1 flagellin,025af,"2.5.6, 10.0 µg/mL"
20,A4,+,4.1.2,10.0,1.7229000329971313,PAK pilin,025af,"4.1.2, 10.0 µg/mL"
21,A5,+,1.3.5,10.0,1.8639999628067017,PAK flagellin,025af,"1.3.5, 10.0 µg/mL"
22,A5,+,2.5.6,10.0,1.7563999891281128,PAO1 flagellin,025af,"2.5.6, 10.0 µg/mL"
23,A5,+,4.1.2,10.0,1.6354999542236328,PAK pilin,025af,"4.1.2, 10.0 µg/mL"
24,A6,+,1.3.5,10.0,1.8056000471115112,PAK flagellin,025af,"1.3.5, 10.0 µg/mL"
25,A6,+,2.5.6,10.0,1.8925000429153442,PAO1 flagellin,025af,"2.5.6, 10.0 µg/mL"
26,A6,+,4.1.2,10.0,1.6957000494003296,PAK pilin,025af,"4.1.2, 10.0 µg/mL"
27,A7,-,1.7.1,10.0,0.6093999743461609,PAK flagellin,025af,"1.7.1, 10.0 µg/mL"
28,A7,-,2.13.1,10.0,0.7354999780654907,PAO1 flagellin,025af,"2.13.1, 10.0 µg/mL"
29,A7,-,4.2.1,10.0,1.4438999891281128,PAK pilin,025af,"4.2.1, 10.0 µg/mL"
30,A8,-,1.7.1,10.0,0.8021000027656555,PAK flagellin,025af,"1.7.1, 10.0 µg/mL"
31,A8,-,2.13.1,10.0,0.7756999731063843,PAO1 flagellin,025af,"2.13.1, 10.0 µg/mL"
32,A8,-,4.2.1,10.0,1.496500015258789,PAK pilin,025af,"4.2.1, 10.0 µg/mL"
33,A9,-,1.7.1,10.0,0.8604999780654907,PAK flagellin,025af,"1.7.1, 10.0 µg/mL"
34,A9,-,2.13.1,10.0,0.8212000131607056,PAO1 flagellin,025af,"2.13.1, 10.0 µg/mL"
35,A9,-,4.2.1,10.0,1.5404000282287598,PAK pilin,025af,"4.2.1, 10.0 µg/mL"
36,B1,-,1.3.5,2.0,0.9210000038146973,PAK flagellin,025af,"1.3.5, 2.0 µg/mL"
37,B1,-,2.5.6,2.0,0.12039999663829803,PAO1 flagellin,025af,"2.5.6, 2.0 µg/mL"
38,B1,-,4.1.2,2.0,0.16689999401569366,PAK pilin,025af,"4.1.2, 2.0 µg/mL"
39,B10,+,1.7.1,2.0,1.2661000490188599,PAK flagellin,025af,"1.7.1, 2.0 µg/mL"
40,B10,+,2.13.1,2.0,1.8034000396728516,PAO1 flagellin,025af,"2.13.1, 2.0 µg/mL"
41,B10,+,4.2.1,2.0,1.6497999429702759,PAK pilin,025af,"4.2.1, 2.0 µg/mL"
42,B11,+,1.7.1,2.0,1.329800009727478,PAK flagellin,025af,"1.7.1, 2.0 µg/mL"
43,B11,+,2.13.1,2.0,1.6672999858856201,PAO1 flagellin,025af,"2.13.1, 2.0 µg/mL"
44,B11,+,4.2.1,2.0,1.535099983215332,PAK pilin,025af,"4.2.1, 2.0 µg/mL"
45,B12,+,1.7.1,2.0,1.3358999490737915,PAK flagellin,025af,"1.7.1, 2.0 µg/mL"
46,B12,+,2.13.1,2.0,1.8259999752044678,PAO1 flagellin,025af,"2.13.1, 2.0 µg/mL"
47,B12,+,4.2.1,2.0,1.6958999633789062,PAK pilin,025af,"4.2.1, 2.0 µg/mL"
48,B2,-,1.3.5,2.0,0.8763999938964844,PAK flagellin,025af,"1.3.5, 2.0 µg/mL"
49,B2,-,2.5.6,2.0,0.12200000137090683,PAO1 flagellin,025af,"2.5.6, 2.0 µg/mL"
50,B2,-,4.1.2,2.0,0.18960000574588776,PAK pilin,025af,"4.1.2, 2.0 µg/mL"
51,B3,-,1.3.5,2.0,0.8125,PAK flagellin,025af,"1.3.5, 2.0 µg/mL"
52,B3,-,2.5.6,2.0,0.1264999955892563,PAO1 flagellin,025af,"2.5.6, 2.0 µg/mL"
53,B3,-,4.1.2,2.0,0.17470000684261322,PAK pilin,025af,"4.1.2, 2.0 µg/mL"
54,B4,+,1.3.5,2.0,1.6568000316619873,PAK flagellin,025af,"1.3.5, 2.0 µg/mL"
55,B4,+,2.5.6,2.0,1.760200023651123,PAO1 flagellin,025af,"2.5.6, 2.0 µg/mL"
56,B4,+,4.1.2,2.0,1.4975999593734741,PAK pilin,025af,"4.1.2, 2.0 µg/mL"
57,B5,+,1.3.5,2.0,1.7516000270843506,PAK flagellin,025af,"1.3.5, 2.0 µg/mL"
58,B5,+,2.5.6,2.0,1.7187000513076782,PAO1 flagellin,025af,"2.5.6, 2.0 µg/mL"
59,B5,+,4.1.2,2.0,1.405400037765503,PAK pilin,025af,"4.1.2, 2.0 µg/mL"
60,B6,+,1.3.5,2.0,1.7233999967575073,PAK flagellin,025af,"1.3.5, 2.0 µg/mL"
61,B6,+,2.5.6,2.0,1.7276999950408936,PAO1 flagellin,025af,"2.5.6, 2.0 µg/mL"
62,B6,+,4.1.2,2.0,1.4592000246047974,PAK pilin,025af,"4.1.2, 2.0 µg/mL"
63,B7,-,1.7.1,2.0,0.33390000462532043,PAK flagellin,025af,"1.7.1, 2.0 µg/mL"
64,B7,-,2.13.1,2.0,0.3441999852657318,PAO1 flagellin,025af,"2.13.1, 2.0 µg/mL"
65,B7,-,4.2.1,2.0,1.052299976348877,PAK pilin,025af,"4.2.1, 2.0 µg/mL"
66,B8,-,1.7.1,2.0,0.3986999988555908,PAK flagellin,025af,"1.7.1, 2.0 µg/mL"
67,B8,-,2.13.1,2.0,0.3921000063419342,PAO1 flagellin,025af,"2.13.1, 2.0 µg/mL"
68,B8,-,4.2.1,2.0,1.069700002670288,PAK pilin,025af,"4.2.1, 2.0 µg/mL"
69,B9,-,1.7.1,2.0,0.4090999960899353,PAK flagellin,025af,"1.7.1, 2.0 µg/mL"
70,B9,-,2.13.1,2.0,0.40149998664855957,PAO1 flagellin,025af,"2.13.1, 2.0 µg/mL"
71,B9,-,4.2.1,2.0,1.0997999906539917,PAK pilin,025af,"4.2.1, 2.0 µg/mL"
72,C1,-,1.3.5,1.0,0.6520000100135803,PAK flagellin,025af,"1.3.5, 1.0 µg/mL"
73,C1,-,2.5.6,1.0,0.08659999817609787,PAO1 flagellin,025af,"2.5.6, 1.0 µg/mL"
74,C1,-,4.1.2,1.0,0.11140000075101852,PAK pilin,025af,"4.1.2, 1.0 µg/mL"
75,C10,+,1.7.1,1.0,0.9929999709129333,PAK flagellin,025af,"1.7.1, 1.0 µg/mL"
76,C10,+,2.13.1,1.0,1.7483999729156494,PAO1 flagellin,025af,"2.13.1, 1.0 µg/mL"
77,C10,+,4.2.1,1.0,1.4764000177383423,PAK pilin,025af,"4.2.1, 1.0 µg/mL"
78,C11,+,1.7.1,1.0,1.047700047492981,PAK flagellin,025af,"1.7.1, 1.0 µg/mL"
79,C11,+,2.13.1,1.0,1.6828999519348145,PAO1 flagellin,025af,"2.13.1, 1.0 µg/mL"
80,C11,+,4.2.1,1.0,1.3733999729156494,PAK pilin,025af,"4.2.1, 1.0 µg/mL"
81,C12,+,1.7.1,1.0,1.0544999837875366,PAK flagellin,025af,"1.7.1, 1.0 µg/mL"
82,C12,+,2.13.1,1.0,1.7595000267028809,PAO1 flagellin,025af,"2.13.1, 1.0 µg/mL"
83,C12,+,4.2.1,1.0,1.604699969291687,PAK pilin,025af,"4.2.1, 1.0 µg/mL"
84,C2,-,1.3.5,1.0,0.6301000118255615,PAK flagellin,025af,"1.3.5, 1.0 µg/mL"
85,C2,-,2.5.6,1.0,0.08699999749660492,PAO1 flagellin,025af,"2.5.6, 1.0 µg/mL"
86,C2,-,4.1.2,1.0,0.10899999737739563,PAK pilin,025af,"4.1.2, 1.0 µg/mL"
87,C3,-,1.3.5,1.0,0.6234999895095825,PAK flagellin,025af,"1.3.5, 1.0 µg/mL"
88,C3,-,2.5.6,1.0,0.08910000324249268,PAO1 flagellin,025af,"2.5.6, 1.0 µg/mL"
89,C3,-,4.1.2,1.0,0.11190000176429749,PAK pilin,025af,"4.1.2, 1.0 µg/mL"
90,C4,+,1.3.5,1.0,1.7532999515533447,PAK flagellin,025af,"1.3.5, 1.0 µg/mL"
91,C4,+,2.5.6,1.0,1.6306999921798706,PAO1 flagellin,025af,"2.5.6, 1.0 µg/mL"
92,C4,+,4.1.2,1.0,1.3076000213623047,PAK pilin,025af,"4.1.2, 1.0 µg/mL"
93,C5,+,1.3.5,1.0,1.7681000232696533,PAK flagellin,025af,"1.3.5, 1.0 µg/mL"
94,C5,+,2.5.6,1.0,1.6038000583648682,PAO1 flagellin,025af,"2.5.6, 1.0 µg/mL"
95,C5,+,4.1.2,1.0,1.1993999481201172,PAK pilin,025af,"4.1.2, 1.0 µg/mL"
96,C6,+,1.3.5,1.0,1.7625000476837158,PAK flagellin,025af,"1.3.5, 1.0 µg/mL"
97,C6,+,2.5.6,1.0,1.6660000085830688,PAO1 flagellin,025af,"2.5.6, 1.0 µg/mL"
98,C6,+,4.1.2,1.0,1.2043999433517456,PAK pilin,025af,"4.1.2, 1.0 µg/mL"
99,C7,-,1.7.1,1.0,0.2759000062942505,PAK flagellin,025af,"1.7.1, 1.0 µg/mL"
100,C7,-,2.13.1,1.0,0.24709999561309814,PAO1 flagellin,025af,"2.13.1, 1.0 µg/mL"
101,C7,-,4.2.1,1.0,0.8799999952316284,PAK pilin,025af,"4.2.1, 1.0 µg/mL"
102,C8,-,1.7.1,1.0,0.2639999985694885,PAK flagellin,025af,"1.7.1, 1.0 µg/mL"
103,C8,-,2.13.1,1.0,0.24089999496936798,PAO1 flagellin,025af,"2.13.1, 1.0 µg/mL"
104,C8,-,4.2.1,1.0,0.8708000183105469,PAK pilin,025af,"4.2.1, 1.0 µg/mL"
105,C9,-,1.7.1,1.0,0.27709999680519104,PAK flagellin,025af,"1.7.1, 1.0 µg/mL"
106,C9,-,2.13.1,1.0,0.2639000117778778,PAO1 flagellin,025af,"2.13.1, 1.0 µg/mL"
107,C9,-,4.2.1,1.0,0.8522999882698059,PAK pilin,025af,"4.2.1, 1.0 µg/mL"
108,D1,-,1.3.5,0.2,0.2410999983549118,PAK flagellin,025af,"1.3.5, 0.2 µg/mL"
109,D1,-,2.5.6,0.2,0.06379999965429306,PAO1 flagellin,025af,"2.5.6, 0.2 µg/mL"
110,D1,-,4.1.2,0.2,0.07249999791383743,PAK pilin,025af,"4.1.2, 0.2 µg/mL"
111,D10,+,1.7.1,0.2,0.37389999628067017,PAK flagellin,025af,"1.7.1, 0.2 µg/mL"
112,D10,+,2.13.1,0.2,1.2476999759674072,PAO1 flagellin,025af,"2.13.1, 0.2 µg/mL"
113,D10,+,4.2.1,0.2,0.9984999895095825,PAK pilin,025af,"4.2.1, 0.2 µg/mL"
114,D11,+,1.7.1,0.2,0.39959999918937683,PAK flagellin,025af,"1.7.1, 0.2 µg/mL"
115,D11,+,2.13.1,0.2,1.2365000247955322,PAO1 flagellin,025af,"2.13.1, 0.2 µg/mL"
116,D11,+,4.2.1,0.2,0.9211000204086304,PAK pilin,025af,"4.2.1, 0.2 µg/mL"
117,D12,+,1.7.1,0.2,0.4043999910354614,PAK flagellin,025af,"1.7.1, 0.2 µg/mL"
118,D12,+,2.13.1,0.2,1.250100016593933,PAO1 flagellin,025af,"2.13.1, 0.2 µg/mL"
119,D12,+,4.2.1,0.2,0.9222999811172485,PAK pilin,025af,"4.2.1, 0.2 µg/mL"
120,D2,-,1.3.5,0.2,0.24240000545978546,PAK flagellin,025af,"1.3.5, 0.2 µg/mL"
121,D2,-,2.5.6,0.2,0.06669999659061432,PAO1 flagellin,025af,"2.5.6, 0.2 µg/mL"
122,D2,-,4.1.2,0.2,0.07479999959468842,PAK pilin,025af,"4.1.2, 0.2 µg/mL"
123,D3,-,1.3.5,0.2,0.24879999458789825,PAK flagellin,025af,"1.3.5, 0.2 µg/mL"
124,D3,-,2.5.6,0.2,0.06289999932050705,PAO1 flagellin,025af,"2.5.6, 0.2 µg/mL"
125,D3,-,4.1.2,0.2,0.07450000196695328,PAK pilin,025af,"4.1.2, 0.2 µg/mL"
126,D4,+,1.3.5,0.2,1.5356999635696411,PAK flagellin,025af,"1.3.5, 0.2 µg/mL"
127,D4,+,2.5.6,0.2,1.0090999603271484,PAO1 flagellin,025af,"2.5.6, 0.2 µg/mL"
128,D4,+,4.1.2,0.2,0.5672000050544739,PAK pilin,025af,"4.1.2, 0.2 µg/mL"
129,D5,+,1.3.5,0.2,1.4560999870300293,PAK flagellin,025af,"1.3.5, 0.2 µg/mL"
130,D5,+,2.5.6,0.2,1.0363999605178833,PAO1 flagellin,025af,"2.5.6, 0.2 µg/mL"
131,D5,+,4.1.2,0.2,0.6062999963760376,PAK pilin,025af,"4.1.2, 0.2 µg/mL"
132,D6,+,1.3.5,0.2,1.5687999725341797,PAK flagellin,025af,"1.3.5, 0.2 µg/mL"
133,D6,+,2.5.6,0.2,1.05840003490448,PAO1 flagellin,025af,"2.5.6, 0.2 µg/mL"
134,D6,+,4.1.2,0.2,0.6008999943733215,PAK pilin,025af,"4.1.2, 0.2 µg/mL"
135,D7,-,1.7.1,0.2,0.10909999907016754,PAK flagellin,025af,"1.7.1, 0.2 µg/mL"
136,D7,-,2.13.1,0.2,0.10570000112056732,PAO1 flagellin,025af,"2.13.1, 0.2 µg/mL"
137,D7,-,4.2.1,0.2,0.3402999937534332,PAK pilin,025af,"4.2.1, 0.2 µg/mL"
138,D8,-,1.7.1,0.2,0.10899999737739563,PAK flagellin,025af,"1.7.1, 0.2 µg/mL"
139,D8,-,2.13.1,0.2,0.10639999806880951,PAO1 flagellin,025af,"2.13.1, 0.2 µg/mL"
140,D8,-,4.2.1,0.2,0.353300005197525,PAK pilin,025af,"4.2.1, 0.2 µg/mL"
141,D9,-,1.7.1,0.2,0.10949999839067459,PAK flagellin,025af,"1.7.1, 0.2 µg/mL"
142,D9,-,2.13.1,0.2,0.10779999941587448,PAO1 flagellin,025af,"2.13.1, 0.2 µg/mL"
143,D9,-,4.2.1,0.2,0.3450999855995178,PAK pilin,025af,"4.2.1, 0.2 µg/mL"
144,E1,-,1.3.5,0.1,0.14399999380111694,PAK flagellin,025af,"1.3.5, 0.1 µg/mL"
145,E1,-,2.5.6,0.1,0.05689999833703041,PAO1 flagellin,025af,"2.5.6, 0.1 µg/mL"
146,E1,-,4.1.2,0.1,0.06700000166893005,PAK pilin,025af,"4.1.2, 0.1 µg/mL"
147,E10,+,1.7.1,0.1,0.23489999771118164,PAK flagellin,025af,"1.7.1, 0.1 µg/mL"
148,E10,+,2.13.1,0.1,0.8658000230789185,PAO1 flagellin,025af,"2.13.1, 0.1 µg/mL"
149,E10,+,4.2.1,0.1,0.6229000091552734,PAK pilin,025af,"4.2.1, 0.1 µg/mL"
150,E11,+,1.7.1,0.1,0.23989999294281006,PAK flagellin,025af,"1.7.1, 0.1 µg/mL"
151,E11,+,2.13.1,0.1,0.8047000169754028,PAO1 flagellin,025af,"2.13.1, 0.1 µg/mL"
152,E11,+,4.2.1,0.1,0.5551999807357788,PAK pilin,025af,"4.2.1, 0.1 µg/mL"
153,E12,+,1.7.1,0.1,0.26030001044273376,PAK flagellin,025af,"1.7.1, 0.1 µg/mL"
154,E12,+,2.13.1,0.1,0.8677999973297119,PAO1 flagellin,025af,"2.13.1, 0.1 µg/mL"
155,E12,+,4.2.1,0.1,0.5863999724388123,PAK pilin,025af,"4.2.1, 0.1 µg/mL"
156,E2,-,1.3.5,0.1,0.14390000700950623,PAK flagellin,025af,"1.3.5, 0.1 µg/mL"
157,E2,-,2.5.6,0.1,0.05700000002980232,PAO1 flagellin,025af,"2.5.6, 0.1 µg/mL"
158,E2,-,4.1.2,0.1,0.0640999972820282,PAK pilin,025af,"4.1.2, 0.1 µg/mL"
159,E3,-,1.3.5,0.1,0.1899999976158142,PAK flagellin,025af,"1.3.5, 0.1 µg/mL"
160,E3,-,2.5.6,0.1,0.05660000070929527,PAO1 flagellin,025af,"2.5.6, 0.1 µg/mL"
161,E3,-,4.1.2,0.1,0.062199998646974564,PAK pilin,025af,"4.1.2, 0.1 µg/mL"
162,E4,+,1.3.5,0.1,1.2812000513076782,PAK flagellin,025af,"1.3.5, 0.1 µg/mL"
163,E4,+,2.5.6,0.1,0.7032999992370605,PAO1 flagellin,025af,"2.5.6, 0.1 µg/mL"
164,E4,+,4.1.2,0.1,0.3614000082015991,PAK pilin,025af,"4.1.2, 0.1 µg/mL"
165,E5,+,1.3.5,0.1,1.3345999717712402,PAK flagellin,025af,"1.3.5, 0.1 µg/mL"
166,E5,+,2.5.6,0.1,0.758899986743927,PAO1 flagellin,025af,"2.5.6, 0.1 µg/mL"
167,E5,+,4.1.2,0.1,0.35179999470710754,PAK pilin,025af,"4.1.2, 0.1 µg/mL"
168,E6,+,1.3.5,0.1,1.3449000120162964,PAK flagellin,025af,"1.3.5, 0.1 µg/mL"
169,E6,+,2.5.6,0.1,0.669700026512146,PAO1 flagellin,025af,"2.5.6, 0.1 µg/mL"
170,E6,+,4.1.2,0.1,0.3449999988079071,PAK pilin,025af,"4.1.2, 0.1 µg/mL"
171,E7,-,1.7.1,0.1,0.08619999885559082,PAK flagellin,025af,"1.7.1, 0.1 µg/mL"
172,E7,-,2.13.1,0.1,0.07890000194311142,PAO1 flagellin,025af,"2.13.1, 0.1 µg/mL"
173,E7,-,4.2.1,0.1,0.20340000092983246,PAK pilin,025af,"4.2.1, 0.1 µg/mL"
174,E8,-,1.7.1,0.1,0.08780000358819962,PAK flagellin,025af,"1.7.1, 0.1 µg/mL"
175,E8,-,2.13.1,0.1,0.07490000128746033,PAO1 flagellin,025af,"2.13.1, 0.1 µg/mL"
176,E8,-,4.2.1,0.1,0.2198999971151352,PAK pilin,025af,"4.2.1, 0.1 µg/mL"
177,E9,-,1.7.1,0.1,0.08760000020265579,PAK flagellin,025af,"1.7.1, 0.1 µg/mL"
178,E9,-,2.13.1,0.1,0.07649999856948853,PAO1 flagellin,025af,"2.13.1, 0.1 µg/mL"
179,E9,-,4.2.1,0.1,0.2087000012397766,PAK pilin,025af,"4.2.1, 0.1 µg/mL"
180,F1,-,1.3.5,0.02,0.08160000294446945,PAK flagellin,025af,"1.3.5, 0.02 µg/mL"
181,F1,-,2.5.6,0.02,0.05889999866485596,PAO1 flagellin,025af,"2.5.6, 0.02 µg/mL"
182,F1,-,4.1.2,0.02,0.05950000137090683,PAK pilin,025af,"4.1.2, 0.02 µg/mL"
183,F10,+,1.7.1,0.02,0.10249999910593033,PAK flagellin,025af,"1.7.1, 0.02 µg/mL"
184,F10,+,2.13.1,0.02,0.25920000672340393,PAO1 flagellin,025af,"2.13.1, 0.02 µg/mL"
185,F10,+,4.2.1,0.02,0.1851000040769577,PAK pilin,025af,"4.2.1, 0.02 µg/mL"
186,F11,+,1.7.1,0.02,0.09769999980926514,PAK flagellin,025af,"1.7.1, 0.02 µg/mL"
187,F11,+,2.13.1,0.02,0.24310000240802765,PAO1 flagellin,025af,"2.13.1, 0.02 µg/mL"
188,F11,+,4.2.1,0.02,0.18940000236034393,PAK pilin,025af,"4.2.1, 0.02 µg/mL"
189,F12,+,1.7.1,0.02,0.10010000318288803,PAK flagellin,025af,"1.7.1, 0.02 µg/mL"
190,F12,+,2.13.1,0.02,0.25290000438690186,PAO1 flagellin,025af,"2.13.1, 0.02 µg/mL"
191,F12,+,4.2.1,0.02,0.1704999953508377,PAK pilin,025af,"4.2.1, 0.02 µg/mL"
192,F2,-,1.3.5,0.02,0.10040000081062317,PAK flagellin,025af,"1.3.5, 0.02 µg/mL"
193,F2,-,2.5.6,0.02,0.061400000005960464,PAO1 flagellin,025af,"2.5.6, 0.02 µg/mL"
194,F2,-,4.1.2,0.02,0.1151999980211258,PAK pilin,025af,"4.1.2, 0.02 µg/mL"
195,F3,-,1.3.5,0.02,0.07410000264644623,PAK flagellin,025af,"1.3.5, 0.02 µg/mL"
196,F3,-,2.5.6,0.02,0.06109999865293503,PAO1 flagellin,025af,"2.5.6, 0.02 µg/mL"
197,F3,-,4.1.2,0.02,0.061799999326467514,PAK pilin,025af,"4.1.2, 0.02 µg/mL"
198,F4,+,1.3.5,0.02,0.5199999809265137,PAK flagellin,025af,"1.3.5, 0.02 µg/mL"
199,F4,+,2.5.6,0.02,0.21780000627040863,PAO1 flagellin,025af,"2.5.6, 0.02 µg/mL"
200,F4,+,4.1.2,0.02,0.12880000472068787,PAK pilin,025af,"4.1.2, 0.02 µg/mL"
201,F5,+,1.3.5,0.02,0.5133000016212463,PAK flagellin,025af,"1.3.5, 0.02 µg/mL"
202,F5,+,2.5.6,0.02,0.21610000729560852,PAO1 flagellin,025af,"2.5.6, 0.02 µg/mL"
203,F5,+,4.1.2,0.02,0.12240000069141388,PAK pilin,025af,"4.1.2, 0.02 µg/mL"
204,F6,+,1.3.5,0.02,0.5113999843597412,PAK flagellin,025af,"1.3.5, 0.02 µg/mL"
205,F6,+,2.5.6,0.02,0.25380000472068787,PAO1 flagellin,025af,"2.5.6, 0.02 µg/mL"
206,F6,+,4.1.2,0.02,0.1386999934911728,PAK pilin,025af,"4.1.2, 0.02 µg/mL"
207,F7,-,1.7.1,0.02,0.06199999898672104,PAK flagellin,025af,"1.7.1, 0.02 µg/mL"
208,F7,-,2.13.1,0.02,0.08250000327825546,PAO1 flagellin,025af,"2.13.1, 0.02 µg/mL"
209,F7,-,4.2.1,0.02,0.09000000357627869,PAK pilin,025af,"4.2.1, 0.02 µg/mL"
210,F8,-,1.7.1,0.02,0.06120000034570694,PAK flagellin,025af,"1.7.1, 0.02 µg/mL"
211,F8,-,2.13.1,0.02,0.05950000137090683,PAO1 flagellin,025af,"2.13.1, 0.02 µg/mL"
212,F8,-,4.2.1,0.02,0.09030000120401382,PAK pilin,025af,"4.2.1, 0.02 µg/mL"
213,F9,-,1.7.1,0.02,0.06080000102519989,PAK flagellin,025af,"1.7.1, 0.02 µg/mL"
214,F9,-,2.13.1,0.02,0.05920000001788139,PAO1 flagellin,025af,"2.13.1, 0.02 µg/mL"
215,F9,-,4.2.1,0.02,0.09080000221729279,PAK pilin,025af,"4.2.1, 0.02 µg/mL"
216,G1,-,No 1°,0.0,0.05700000002980232,PAK flagellin,025af,"No 1°, 0.0 µg/mL"
217,G1,-,No 1°,0.0,0.05719999969005585,PAO1 flagellin,025af,"No 1°, 0.0 µg/mL"
218,G1,-,No 1°,0.0,0.060499999672174454,PAK pilin,025af,"No 1°, 0.0 µg/mL"
219,G10,+,No 1°,0.0,0.054499998688697815,PAK flagellin,025af,"No 1°, 0.0 µg/mL"
220,G10,+,No 1°,0.0,0.06120000034570694,PAO1 flagellin,025af,"No 1°, 0.0 µg/mL"
221,G10,+,No 1°,0.0,0.05339999869465828,PAK pilin,025af,"No 1°, 0.0 µg/mL"
222,G11,+,No 1°,0.0,0.0674000009894371,PAK flagellin,025af,"No 1°, 0.0 µg/mL"
223,G11,+,No 1°,0.0,0.05649999901652336,PAO1 flagellin,025af,"No 1°, 0.0 µg/mL"
224,G11,+,No 1°,0.0,0.05719999969005585,PAK pilin,025af,"No 1°, 0.0 µg/mL"
225,G12,+,No 1°,0.0,0.07079999893903732,PAK flagellin,025af,"No 1°, 0.0 µg/mL"
226,G12,+,No 1°,0.0,0.056699998676776886,PAO1 flagellin,025af,"No 1°, 0.0 µg/mL"
227,G12,+,No 1°,0.0,0.0575999990105629,PAK pilin,025af,"No 1°, 0.0 µg/mL"
228,G2,-,No 1°,0.0,0.09790000319480896,PAK flagellin,025af,"No 1°, 0.0 µg/mL"
229,G2,-,No 1°,0.0,0.0640999972820282,PAO1 flagellin,025af,"No 1°, 0.0 µg/mL"
230,G2,-,No 1°,0.0,0.06669999659061432,PAK pilin,025af,"No 1°, 0.0 µg/mL"
231,G3,-,No 1°,0.0,0.07599999755620956,PAK flagellin,025af,"No 1°, 0.0 µg/mL"
232,G3,-,No 1°,0.0,0.0551999993622303,PAO1 flagellin,025af,"No 1°, 0.0 µg/mL"
233,G3,-,No 1°,0.0,0.05869999900460243,PAK pilin,025af,"No 1°, 0.0 µg/mL"
234,G4,+,No 1°,0.0,0.05649999901652336,PAK flagellin,025af,"No 1°, 0.0 µg/mL"
235,G4,+,No 1°,0.0,0.06340000033378601,PAO1 flagellin,025af,"No 1°, 0.0 µg/mL"
236,G4,+,No 1°,0.0,0.06419999897480011,PAK pilin,025af,"No 1°, 0.0 µg/mL"
237,G5,+,No 1°,0.0,0.058400001376867294,PAK flagellin,025af,"No 1°, 0.0 µg/mL"
238,G5,+,No 1°,0.0,0.06360000371932983,PAO1 flagellin,025af,"No 1°, 0.0 µg/mL"
239,G5,+,No 1°,0.0,0.05810000002384186,PAK pilin,025af,"No 1°, 0.0 µg/mL"
240,G6,+,No 1°,0.0,0.05649999901652336,PAK flagellin,025af,"No 1°, 0.0 µg/mL"
241,G6,+,No 1°,0.0,0.059300001710653305,PAO1 flagellin,025af,"No 1°, 0.0 µg/mL"
242,G6,+,No 1°,0.0,0.057999998331069946,PAK pilin,025af,"No 1°, 0.0 µg/mL"
243,G7,-,No 1°,0.0,0.05609999969601631,PAK flagellin,025af,"No 1°, 0.0 µg/mL"
244,G7,-,No 1°,0.0,0.057999998331069946,PAO1 flagellin,025af,"No 1°, 0.0 µg/mL"
245,G7,-,No 1°,0.0,0.05829999968409538,PAK pilin,025af,"No 1°, 0.0 µg/mL"
246,G8,-,No 1°,0.0,0.0551999993622303,PAK flagellin,025af,"No 1°, 0.0 µg/mL"
247,G8,-,No 1°,0.0,0.05510000139474869,PAO1 flagellin,025af,"No 1°, 0.0 µg/mL"
248,G8,-,No 1°,0.0,0.05590000003576279,PAK pilin,025af,"No 1°, 0.0 µg/mL"
249,G9,-,No 1°,0.0,0.0575999990105629,PAK flagellin,025af,"No 1°, 0.0 µg/mL"
250,G9,-,No 1°,0.0,0.05779999867081642,PAO1 flagellin,025af,"No 1°, 0.0 µg/mL"
251,G9,-,No 1°,0.0,0.07289999723434448,PAK pilin,025af,"No 1°, 0.0 µg/mL"
252,H1,-,YU573,0.02,0.1388999968767166,PAK flagellin,025af,"YU573, 0.02 µg/mL"
253,H1,-,YU573,0.02,0.09749999642372131,PAO1 flagellin,025af,"YU573, 0.02 µg/mL"
254,H1,-,YU586,0.02,0.1316000074148178,PAK pilin,025af,"YU586, 0.02 µg/mL"
255,H10,+,YU573,0.02,1.9176000356674194,PAK flagellin,025af,"YU573, 0.02 µg/mL"
256,H10,+,YU573,0.02,0.7544000148773193,PAO1 flagellin,025af,"YU573, 0.02 µg/mL"
257,H10,+,YU586,0.02,1.5693999528884888,PAK pilin,025af,"YU586, 0.02 µg/mL"
258,H11,+,YU573,0.02,1.9240000247955322,PAK flagellin,025af,"YU573, 0.02 µg/mL"
259,H11,+,YU573,0.02,0.7598000168800354,PAO1 flagellin,025af,"YU573, 0.02 µg/mL"
260,H11,+,YU586,0.02,1.5128999948501587,PAK pilin,025af,"YU586, 0.02 µg/mL"
261,H12,+,YU573,0.02,1.8378000259399414,PAK flagellin,025af,"YU573, 0.02 µg/mL"
262,H12,+,YU573,0.02,0.7433000206947327,PAO1 flagellin,025af,"YU573, 0.02 µg/mL"
263,H12,+,YU586,0.02,1.5332000255584717,PAK pilin,025af,"YU586, 0.02 µg/mL"
264,H2,-,YU573,0.02,0.16750000417232513,PAK flagellin,025af,"YU573, 0.02 µg/mL"
265,H2,-,YU573,0.02,0.11219999939203262,PAO1 flagellin,025af,"YU573, 0.02 µg/mL"
266,H2,-,YU586,0.02,0.1331000030040741,PAK pilin,025af,"YU586, 0.02 µg/mL"
267,H3,-,YU573,0.02,0.14300000667572021,PAK flagellin,025af,"YU573, 0.02 µg/mL"
268,H3,-,YU573,0.02,0.10819999873638153,PAO1 flagellin,025af,"YU573, 0.02 µg/mL"
269,H3,-,YU586,0.02,0.13459999859333038,PAK pilin,025af,"YU586, 0.02 µg/mL"
270,H4,+,YU573,0.02,1.9019999504089355,PAK flagellin,025af,"YU573, 0.02 µg/mL"
271,H4,+,YU573,0.02,0.7299000024795532,PAO1 flagellin,025af,"YU573, 0.02 µg/mL"
272,H4,+,YU586,0.02,1.5216000080108643,PAK pilin,025af,"YU586, 0.02 µg/mL"
273,H5,+,YU573,0.02,1.843500018119812,PAK flagellin,025af,"YU573, 0.02 µg/mL"
274,H5,+,YU573,0.02,0.7621999979019165,PAO1 flagellin,025af,"YU573, 0.02 µg/mL"
275,H5,+,YU586,0.02,1.450700044631958,PAK pilin,025af,"YU586, 0.02 µg/mL"
276,H6,+,YU573,0.02,1.757599949836731,PAK flagellin,025af,"YU573, 0.02 µg/mL"
277,H6,+,YU573,0.02,0.7583000063896179,PAO1 flagellin,025af,"YU573, 0.02 µg/mL"
278,H6,+,YU586,0.02,1.4292999505996704,PAK pilin,025af,"YU586, 0.02 µg/mL"
279,H7,-,YU573,0.02,0.15000000596046448,PAK flagellin,025af,"YU573, 0.02 µg/mL"
280,H7,-,YU573,0.02,0.12470000237226486,PAO1 flagellin,025af,"YU573, 0.02 µg/mL"
281,H7,-,YU586,0.02,0.15299999713897705,PAK pilin,025af,"YU586, 0.02 µg/mL"
282,H8,-,YU573,0.02,0.13809999823570251,PAK flagellin,025af,"YU573, 0.02 µg/mL"
283,H8,-,YU573,0.02,0.12330000102519989,PAO1 flagellin,025af,"YU573, 0.02 µg/mL"
284,H8,-,YU586,0.02,0.1404000073671341,PAK pilin,025af,"YU586, 0.02 µg/mL"
285,H9,-,YU573,0.02,0.14100000262260437,PAK flagellin,025af,"YU573, 0.02 µg/mL"
286,H9,-,YU573,0.02,0.11829999834299088,PAO1 flagellin,025af,"YU573, 0.02 µg/mL"
287,H9,-,YU586,0.02,0.14350000023841858,PAK pilin,025af,"YU586, 0.02 µg/mL"
