expt,sample,method,genotype_CS,background_CS,strain_CS,genotype_S,background_S,strain_S,bio_Notes,category,antigen,genotype_pair,notebook
027e,A1,cell_arrayed,∆exsA,PA14,1285,∆exsD,PA14,1276,,secretion,T3SS,exsA/exsD,
027e,A2,cell_arrayed,∆PA103_4856,PA103,47,∆exsD,PA103,408,,secretion,T3SS,retS/exsD,
027e,A3,cell_arrayed,∆PA103_4856,PA103,47,WT,PA103,209,,regulator,pleotropic,retS/WT,
027e,A4,cell_arrayed,∆PA103_4856,PA103,47,WT,PA103,209,,regulator,pleotropic,retS/WT,
027e,A5,cell_arrayed,∆PA103_4856,PA103,47,WT,PA103,209,,regulator,pleotropic,retS/WT,
027e,A6,cell_arrayed,WT,PA103,209,∆PA103_4856,PA103,47,,regulator,pleotropic,WT/retS,
027e,A7,cell_arrayed,WT,PA103,209,∆PA103_4856,PA103,47,,regulator,pleotropic,WT/retS,
027e,A8,cell_arrayed,WT,PA103,209,∆PA103_4856,PA103,47,,regulator,pleotropic,WT/retS,
027e,A9,cell_arrayed,WT,PA14,430,tn::PA14_52260,PA14,NR_47013,,regulator,pleotropic,WT/gacS,
027e,A10,cell_arrayed,WT,PA14,430,tn::PA14_52260,PA14,NR_47013,,regulator,pleotropic,WT/gacS,
027e,A11,cell_arrayed,WT,PA103,209,fleQ(V240G),PA103,979,,motility,flagellum,WT/fleQ_PA103(V240G),
027e,A12,cell_arrayed,tn::fleQ,PA14,NR_24554,WT,PA14,430,,motility,flagellum,fleQ/WT,
027e,B1,cell_arrayed,WT,PAK,517,∆fleN,PAK,1299,,motility,flagellum,WT/fleN,
027e,B2,cell_arrayed,WT,PA14,430,tn::fleN,PA14,NR_25096,,motility,flagellum,WT/fleN,
027e,B3,cell_arrayed,tn::fleQ,PA14,NR_24554,tn::fleN,PA14,NR_25096,,motility,flagellum,fleQ/fleN,
027e,B4,cell_arrayed,tn::fleQ,PA14,NR_24554,tn::fleN,PA14,NR_25096,possibly contaminated,motility,flagellum,fleQ/fleN,
027e,B5,cell_arrayed,tn::fleQ,PA14,NR_24554,tn::fleN,PA14,NR_25096,,motility,flagellum,fleQ/fleN,
027e,B6,cell_arrayed,,SA113,,∆fleN,PAK,1299,,motility,flagellum,SA113/fleN,
027e,B7,cell_arrayed,,SA113,,WT,PAK,517,,motility,flagellum,SA113/WT,
027e,B8,cell_arrayed,,SA113,,WT,PA14,430,,motility,flagellum,SA113/WT,
027e,B9,cell_arrayed,∆pilQ,PAO1,1052,WT,PAO1,220,,motility,flagellum,pilQ/WT,
027e,B10,cell_arrayed,∆pilQ,PA103,1053,WT,PA103,209,,motility,T4P/flagellum,pilQ/PA103_fleQ,
027e,B11,cell_arrayed,tn::pilQ,PA14,NR_41699,tn::fleQ,PA14,NR_24554,,motility,T4P/flagellum,pilQ/fleQ,
027e,B12,cell_arrayed,∆(mexAB-oprM) ∆(mexCD-oprJ) ∆mexJKL ∆(mexHI-opmD) ∆opmH,PAO1 MB5919,1377,WT,PAO1 MB5919,1376,,efflux,all efflux,∆(mexAB-oprM) ∆(mexCD-oprJ) ∆mexJKL ∆(mexHI-opmD) ∆opmH/WT,
027e,C1,cell_arrayed,tn::oprM,PA14,NR_38915,tn::PA14_16280,PA14,NR_31143,,efflux,MexAB-OprM,oprM/nalC,
027e,C2,cell_arrayed,tn::oprM,PA14,NR_38915,tn::PA14_16790,PA14,NR_48660,,efflux,MexAB-OprM,oprM/nalC,
027e,C3,cell_arrayed,tn::oprM,PA14,NR_38915,tn::PA14_18080,PA14,NR_27882,,efflux,MexAB-OprM,oprM/nalD,
027e,C4,cell_arrayed,tn::oprM,PA14,NR_38915,tn::PA14_38380,PA14,NR_41094,,efflux,MexXY-OprM,oprM/mexZ,
027e,C5,cell_arrayed,tn::oprD,PA14,NR_35173,WT,PA14,430,,efflux,OprD,oprD/WT,
027e,C6,cell_arrayed,tn::oprL,PA14,NR_24047,WT,PA14,430,,efflux,OprL,oprL/WT,
027e,C7,cell_arrayed,tn::oprF,PA14,NR_23102,WT,PA14,430,,efflux,OprF,oprF/WT,
027e,C8,cell_arrayed,tn::oprG,PA14,NR_41551,WT,PA14,430,,efflux,OprG,oprG/WT,
027e,C9,cell_arrayed,tn::PA14_14910,PA14,NR_40644,WT,PA14,430,,efflux,porin,bamB/WT,
027e,C10,cell_arrayed,tn::PA14_51260,PA14,NR_38046,WT,PA14,430,,efflux,porin,bamC/WT,
027e,C11,cell_arrayed,tn::mexA,PA14,NR_26977,WT,PA14,430,,efflux,MexA,mexA/WT,
027e,C12,cell_arrayed,tn::mexB,PA14,NR_34341,WT,PA14,430,,efflux,MexB,mexB/WT,
027e,D1,cell_arrayed,tn::mexT,PA14,NR_46755,WT,PA14,430,,efflux,MexT,mexT/WT,
027e,D2,cell_arrayed,tn::mexI,PA14,NR_43615,WT,PA14,430,,efflux,MexI,mexI/WT,
027e,D3,cell_arrayed,tn::mexD,PA14,NR_48179,WT,PA14,430,,efflux,MexC,mexC/WT,
027e,D4,cell_arrayed,tn::mexC,PA14,NR_36142,WT,PA14,430,,efflux,MexD,mexD/WT,
027e,D5,cell_arrayed,tn::mexE,PA14,NR_54850,WT,PA14,430,,efflux,MexE,mexE/WT,
027e,D6,cell_arrayed,tn::mexF,PA14,NR_35559,WT,PA14,430,,efflux,MexF,mexF/WT,
027e,D7,cell_arrayed,tn::mexH,PA14,NR_40815,WT,PA14,430,,efflux,MexH,mexH/WT,
027e,D8,cell_arrayed,tn::PA14_18780,PA14,NR_47801,WT,PA14,430,,efflux,???,mex??/WT,
027e,D9,cell_arrayed,tn::galU,PA14,NR_52640,WT,PA14,430,,LPS,core oligosaccharide,galU/WT,
027e,D10,cell_arrayed,tn::PA14_66100,PA14,NR_31296,WT,PA14,430,,LPS,un-capped LPS,waaL/WT,
027e,D11,cell_arrayed,wzy::aacC1,PA103,433,WT,PA103,209,,LPS,O-specific antigen,wzy/WT,
027e,D12,cell_arrayed,tn::wzz,PA14,NR_33590,WT,PA14,430,,LPS,O-specific antigen,wzz/WT,
027e,E1,cell_arrayed,tn::wbpL,PA14,NR_35855,WT,PA14,430,,LPS,O-specific antigen,wbpL/WT,
027e,E2,cell_arrayed,tn::wbpM,PA14,NR_28941,WT,PA14,430,,LPS,??,wbpM/WT,
027e,E3,cell_arrayed,WT,PA14,430,tn::phoQ,PA14,NR_33095,,LPS/regulator,pleotropic,WT/phoQ,
027e,E4,cell_arrayed,WT,PA14,430,tn::phoP,PA14,NR_40573,,regulator,pleotropic,WT/phoP,
027e,E5,cell_arrayed,tn::rpoS,PA14,NR_32095,WT,PA14,430,,regulator,pleotropic,rpoS/WT,
027e,E6,cell_arrayed,WT,PA14,430,tn::rpoS,PA14,NR_32095,,regulator,pleotropic,WT/rpoS,
027e,E7,cell_arrayed,WT,PA14,430,tn::PA14_0070,PA14,NR_27274,,alginate,alginate,WT/PA14_0070,
027e,E8,cell_arrayed,tn::algU,PA14,NR_40799,WT,PA14,430,,alginate,alginate,algU/WT,
027e,E9,cell_arrayed,∆lasR,PA14,1264,WT,PA14,430,,QS,pleotropic,lasR/WT,
027e,E10,cell_arrayed,WT,PA14,430,∆lasR,PA14,1264,,QS,pleotropic,WT/lasR,
027e,E11,cell_arrayed,tn::rhlR,PA14,NR_37943,WT,PA14,430,,QS,pleotropic,rhlR/WT,
027e,E12,cell_arrayed,tn::qscR,PA14,NR_42798,WT,PA14,430,,QS,pleotropic,qscR/WT,
027e,F1,cell_arrayed,WT,PA14,430,tn::rhlR,PA14,NR_37943,,QS,pleotropic,WT/rhlR,
027e,F2,cell_arrayed,WT,PA14,430,tn::qscR,PA14,NR_42798,,QS,pleotropic,WT/qscR,
027e,F3,cell_arrayed,tn::pelA,PA14,NR_26187,WT,PA14,430,,EPS,pel,pelA/WT,
027e,F4,cell_arrayed,tn::PA14_61200,PA14,NR_37866,WT,PA14,430,,EPS,pel,cdrA/WT,
027e,F5,cell_arrayed,∆pel,PAO1 Parsek,1257,WT,PAO1 Parsek,1256,,EPS,pel,pel/WT,
027e,F6,cell_arrayed,∆psl,PAO1 Parsek,1258,WT,PAO1 Parsek,1256,,EPS,psl,psl/WT,
027e,F7,cell_arrayed,∆pel ∆psl,PAO1 Parsek,1259,WT,PAO1 Parsek,1256,,EPS,pel/psl,pel-psl/WT,
027e,F8,cell_arrayed,tn::PA14_49880,PA14,NR_52922,WT,PA14,430,,c-di-GMP,???,yfiR/WT,
027e,F9,cell_arrayed,tn::PA14_16480,PA14,NR_29257,WT,PA14,430,,c-di-GMP,???,wspF/WT,
027e,F10,cell_arrayed,tn::PA14_08450,PA14,NR_23967,WT,PA14,430,,c-di-GMP,???,wspA/WT,
027e,F11,cell_arrayed,tn::PA14_16470,PA14,NR_25862,WT,PA14,430,,c-di-GMP,???,wspE/WT,
027e,F12,cell_arrayed,tn::PA14_52230,PA14,NR_35992,WT,PA14,430,,iron,ferric enterobactin receptor PirA/FepA,pirA,
027e,G1,cell_arrayed,tn::PA14_62350,PA14,NR_28557,WT,PA14,430,,iron,PhuR,phuR/WT,
027e,G2,cell_arrayed,tn::PA14_62350,PA14,NR_53271,WT,PA14,430,,iron,PhuR,phuR/WT,
027e,G3,cell_arrayed,tn::tonB,PA14,NR_32482,WT,PA14,430,,iron,TonB,tonB/WT,
027e,G4,cell_arrayed,tn::ampC,PA14,NR_46815,WT,PA14,430,,antibiotic resistance,,ampC/WT,
027e,G5,cell_arrayed,tn::cupB5,PA14,NR_53195,WT,PA14,430,,cup,cup fimbrae,cupB5/WT,
027e,G6,cell_arrayed,WT,PAO1,220,∆fliC ∆pilA,PAO1,501,,fimbrae,cup fimbrae,WT/∆fliC ∆pilA,
027e,G7,cell_arrayed,WT,PAO1,220,∆fliC ∆pilA,PAO1,1112,,fimbrae,cup fimbrae,WT/∆fliC ∆pilA,
027e,G8,cell_arrayed,tn::mucB,PA14,NR_25615,WT,PA14,430,,regulator,,mucB/WT,
027e,G9,cell_arrayed,tn::mucD,PA14,NR_34714,WT,PA14,430,,regulator,,mucD/WT,
027e,G10,cell_arrayed,tn::PA14_41270,PA14,NR_28523,WT,PA14,430,,regulator,,parS/WT,
027e,G11,cell_arrayed,tn::pvdS,PA14,NR_34241,WT,PA14,430,,???,,pvdS/WT,
027e,G12,cell_arrayed,tn::pvdA,PA14,NR_30448,WT,PA14,430,,pyoveridine,,pvdA/WT,
027e,H1,cell_arrayed,tn::PA14_53140,PA14,NR_43246,WT,PA14,430,,regulator,??,rbdA/WT,
027e,H2,cell_arrayed,tn::pmrA,PA14,NR_48321,WT,PA14,430,,regulator,pleotropic,pmrA/WT,
027e,H3,cell_arrayed,tn::pmrB,PA14,NR_24651,WT,PA14,430,,regulator,pleotropic,pmrB/WT,
027e,H4,cell_arrayed,tn::envZ,PA14,NR_54624,WT,PA14,430,,regulator,,envZ/amgS/WT,
027e,H5,cell_arrayed,tn::envZ,PA14,NR_36306,WT,PA14,430,,regulator,,envZ/amgS/WT,
027e,H6,cell_arrayed,tn::PA14_53140,PA14,NR_41299,WT,PA14,430,,regulator,,rbdA/WT,
027e,H7,cell_arrayed,tn::PA14_53140,PA14,NR_45062,WT,PA14,430,,regulator,,rbdA/WT,
027e,H8,cell_arrayed,tn::PA14_19340,PA14,NR_29763,WT,PA14,430,,regulator,,ladS/WT,
027e,H9,cell_arrayed,∆hfq,PA103,249,WT,PA103,209,,regulator,pleotropic,hfq/WT,
027e,H10,cell_arrayed,WT,PA103,209,∆hfq,PA103,249,,regulator,pleotropic,WT/hfq,
027e,H11,cell_arrayed,∆flhF ∆vfr,PAK,1176,∆flhF ∆vfr,PAK,1176,possibly contaminated,regulator,pleotropic,flhF/flhF-vfr,
027e,H12,cell_arrayed,∆flhF,PAK,348,∆flhF ∆vfr,PAK,1176,,regulator,pleotropic,flhF-vfr/flhF,
032h,1,solid,∆fliC,PAK,388,WT,PAK,517,,motility,flagellum,∆fliC/WT,content/CG032_solid_phase_panning/cg032-2020-08-06.txt
032h,2,solid,∆fliC tetR,PAO1,298,WT,PAO1,220,,motility,flagellum,∆fliC/WT,content/CG032_solid_phase_panning/cg032-2020-08-06.txt
032h,3,solid,∆pilA,PA103,213,WT,PA103,209,,motility,pilus,∆pilA/WT,content/CG032_solid_phase_panning/cg032-2020-08-05.txt
032h,4,solid,∆pilA,PAK,380,WT,PAK,517,,motility,pilus,∆pilA/WT,content/CG032_solid_phase_panning/cg032-2020-08-06.txt
032k,5,solid,∆fliC,PAK,388,WT,PAK,517,,motility,flagellum,∆fliC/WT,content/CG032_solid_phase_panning/cg032-2020-08-06.txt
032k,6,solid,∆fliC tetR,PAO1,298,WT,PAO1,220,,motility,flagellum,∆fliC/WT,content/CG032_solid_phase_panning/cg032-2020-08-06.txt
032k,7,solid,∆pilA,PA103,213,WT,PA103,209,,motility,pilus,∆pilA/WT,content/CG032_solid_phase_panning/cg032-2020-08-05.txt
032k,8,solid,∆pilA,PAK,380,WT,PAK,517,,motility,pilus,∆pilA/WT,content/CG032_solid_phase_panning/cg032-2020-08-06.txt
024e,1,cell_tube,∆fliC,PAK,388,WT,PAK,517,,motility,flagellum,∆fliC/WT,content/CG024_library_panning/cg024-2020-10-27.txt
024e,2,cell_tube,∆fliC tetR,PAO1,298,WT,PAO1,220,,motility,flagellum,∆fliC/WT,content/CG024_library_panning/cg024-2020-10-27.txt
024e,3,cell_tube,∆pilA,PA103,213,WT,PA103,209,,motility,pilus,∆pilA/WT,content/CG024_library_panning/cg024-2020-10-27.txt
024e,4,cell_tube,∆pilA,PAK,380,WT,PAK,517,,motility,pilus,∆pilA/WT,content/CG024_library_panning/cg024-2020-10-27.txt
024e,5,cell_tube,∆pel ∆psl,PAO1 Parsek,1259,WT,PAO1 Parsek,1256,,EPS,pel/psl,pel-psl/WT,content/CG024_library_panning/cg024-2020-10-27.txt
024e,6,cell_tube,∆(mexAB-oprM) ∆(mexCD-oprJ) ∆mexJKL ∆(mexHI-opmD) ∆opmH,PAO1 MB5919,1377,WT,PAO1 MB5919,1376,,efflux,all efflux,efflux/WT,content/CG024_library_panning/cg024-2020-10-27.txt
024e,9,cell_tube,∆fliC,PAK,388,WT,PAK,517,,motility,flagellum,∆fliC/WT,content/CG024_library_panning/cg024-2020-10-27.txt
024e,10,cell_tube,∆fliC tetR,PAO1,298,WT,PAO1,220,,motility,flagellum,∆fliC/WT,content/CG024_library_panning/cg024-2020-10-27.txt
024e,11,cell_tube,∆pilA,PA103,213,WT,PA103,209,,motility,pilus,∆pilA/WT,content/CG024_library_panning/cg024-2020-10-27.txt
024e,12,cell_tube,∆pilA,PAK,380,WT,PAK,517,,motility,pilus,∆pilA/WT,content/CG024_library_panning/cg024-2020-10-27.txt
024e,13,cell_tube,∆pel ∆psl,PAO1 Parsek,1259,WT,PAO1 Parsek,1256,,EPS,pel/psl,pel-psl/WT,content/CG024_library_panning/cg024-2020-10-27.txt
024e,14,cell_tube,∆(mexAB-oprM) ∆(mexCD-oprJ) ∆mexJKL ∆(mexHI-opmD) ∆opmH,PAO1 MB5919,1377,WT,PAO1 MB5919,1376,,efflux,all efflux,efflux/WT,content/CG024_library_panning/cg024-2020-10-27.txt
024e,7,cell_pooled_liquid,,,,,,,,,,,
024e,8,cell_pooled_scrape,,,,,,,,,,,
024e,15,cell_pooled_liquid,,,,,,,,,,,
024e,16,cell_pooled_scrape,,,,,,,,,,,
024e_pooled,7_A1,cell_pooled_liquid,∆exsA,PA14,1285,∆exsD,PA14,1276,,secretion,T3SS,exsA/exsD,
024e_pooled,7_A2,cell_pooled_liquid,∆PA103_4856,PA103,47,∆exsD,PA103,408,,secretion,T3SS,retS/exsD,
024e_pooled,7_A3,cell_pooled_liquid,∆PA103_4856,PA103,47,WT,PA103,209,,regulator,pleotropic,retS/WT,
024e_pooled,7_A4,cell_pooled_liquid,∆PA103_4856,PA103,47,WT,PA103,209,,regulator,pleotropic,retS/WT,
024e_pooled,7_A5,cell_pooled_liquid,∆PA103_4856,PA103,47,WT,PA103,209,,regulator,pleotropic,retS/WT,
024e_pooled,7_A6,cell_pooled_liquid,WT,PA103,209,∆PA103_4856,PA103,47,,regulator,pleotropic,WT/retS,
024e_pooled,7_A7,cell_pooled_liquid,WT,PA103,209,∆PA103_4856,PA103,47,,regulator,pleotropic,WT/retS,
024e_pooled,7_A8,cell_pooled_liquid,WT,PA103,209,∆PA103_4856,PA103,47,,regulator,pleotropic,WT/retS,
024e_pooled,7_A9,cell_pooled_liquid,WT,PA14,430,tn::PA14_52260,PA14,NR_47013,,regulator,pleotropic,WT/gacS,
024e_pooled,7_A10,cell_pooled_liquid,WT,PA14,430,tn::PA14_52260,PA14,NR_47013,,regulator,pleotropic,WT/gacS,
024e_pooled,7_A11,cell_pooled_liquid,WT,PA103,209,fleQ(V240G),PA103,979,,motility,flagellum,WT/fleQ_PA103(V240G),
024e_pooled,7_A12,cell_pooled_liquid,tn::fleQ,PA14,NR_24554,WT,PA14,430,,motility,flagellum,fleQ/WT,
024e_pooled,7_B1,cell_pooled_liquid,WT,PAK,517,∆fleN,PAK,1299,,motility,flagellum,WT/fleN,
024e_pooled,7_B2,cell_pooled_liquid,WT,PA14,430,tn::fleN,PA14,NR_25096,,motility,flagellum,WT/fleN,
024e_pooled,7_B3,cell_pooled_liquid,tn::fleQ,PA14,NR_24554,tn::fleN,PA14,NR_25096,,motility,flagellum,fleQ/fleN,
024e_pooled,7_B4,cell_pooled_liquid,tn::fleQ,PA14,NR_24554,tn::fleN,PA14,NR_25096,possibly contaminated,motility,flagellum,fleQ/fleN,
024e_pooled,7_B5,cell_pooled_liquid,tn::fleQ,PA14,NR_24554,tn::fleN,PA14,NR_25096,,motility,flagellum,fleQ/fleN,
024e_pooled,7_B6,cell_pooled_liquid,,SA113,,∆fleN,PAK,1299,,motility,flagellum,SA113/fleN,
024e_pooled,7_B7,cell_pooled_liquid,,SA113,,WT,PAK,517,,motility,flagellum,SA113/WT,
024e_pooled,7_B8,cell_pooled_liquid,,SA113,,WT,PA14,430,,motility,flagellum,SA113/WT,
024e_pooled,7_B9,cell_pooled_liquid,∆pilQ,PAO1,1052,WT,PAO1,220,,motility,flagellum,pilQ/WT,
024e_pooled,7_B10,cell_pooled_liquid,∆pilQ,PA103,1053,WT,PA103,209,,motility,T4P/flagellum,pilQ/PA103_fleQ,
024e_pooled,7_B11,cell_pooled_liquid,tn::pilQ,PA14,NR_41699,tn::fleQ,PA14,NR_24554,,motility,T4P/flagellum,pilQ/fleQ,
024e_pooled,7_B12,cell_pooled_liquid,∆(mexAB-oprM) ∆(mexCD-oprJ) ∆mexJKL ∆(mexHI-opmD) ∆opmH,PAO1 MB5919,1377,WT,PAO1 MB5919,1376,,efflux,all efflux,∆(mexAB-oprM) ∆(mexCD-oprJ) ∆mexJKL ∆(mexHI-opmD) ∆opmH/WT,
024e_pooled,7_C1,cell_pooled_liquid,tn::oprM,PA14,NR_38915,tn::PA14_16280,PA14,NR_31143,,efflux,MexAB-OprM,oprM/nalC,
024e_pooled,7_C2,cell_pooled_liquid,tn::oprM,PA14,NR_38915,tn::PA14_16790,PA14,NR_48660,,efflux,MexAB-OprM,oprM/nalC,
024e_pooled,7_C3,cell_pooled_liquid,tn::oprM,PA14,NR_38915,tn::PA14_18080,PA14,NR_27882,,efflux,MexAB-OprM,oprM/nalD,
024e_pooled,7_C4,cell_pooled_liquid,tn::oprM,PA14,NR_38915,tn::PA14_38380,PA14,NR_41094,,efflux,MexXY-OprM,oprM/mexZ,
024e_pooled,7_C5,cell_pooled_liquid,tn::oprD,PA14,NR_35173,WT,PA14,430,,efflux,OprD,oprD/WT,
024e_pooled,7_C6,cell_pooled_liquid,tn::oprL,PA14,NR_24047,WT,PA14,430,,efflux,OprL,oprL/WT,
024e_pooled,7_C7,cell_pooled_liquid,tn::oprF,PA14,NR_23102,WT,PA14,430,,efflux,OprF,oprF/WT,
024e_pooled,7_C8,cell_pooled_liquid,tn::oprG,PA14,NR_41551,WT,PA14,430,,efflux,OprG,oprG/WT,
024e_pooled,7_C9,cell_pooled_liquid,tn::PA14_14910,PA14,NR_40644,WT,PA14,430,,efflux,porin,bamB/WT,
024e_pooled,7_C10,cell_pooled_liquid,tn::PA14_51260,PA14,NR_38046,WT,PA14,430,,efflux,porin,bamC/WT,
024e_pooled,7_C11,cell_pooled_liquid,tn::mexA,PA14,NR_26977,WT,PA14,430,,efflux,MexA,mexA/WT,
024e_pooled,7_C12,cell_pooled_liquid,tn::mexB,PA14,NR_34341,WT,PA14,430,,efflux,MexB,mexB/WT,
024e_pooled,7_D1,cell_pooled_liquid,tn::mexT,PA14,NR_46755,WT,PA14,430,,efflux,MexT,mexT/WT,
024e_pooled,7_D2,cell_pooled_liquid,tn::mexI,PA14,NR_43615,WT,PA14,430,,efflux,MexI,mexI/WT,
024e_pooled,7_D3,cell_pooled_liquid,tn::mexD,PA14,NR_48179,WT,PA14,430,,efflux,MexC,mexC/WT,
024e_pooled,7_D4,cell_pooled_liquid,tn::mexC,PA14,NR_36142,WT,PA14,430,,efflux,MexD,mexD/WT,
024e_pooled,7_D5,cell_pooled_liquid,tn::mexE,PA14,NR_54850,WT,PA14,430,,efflux,MexE,mexE/WT,
024e_pooled,7_D6,cell_pooled_liquid,tn::mexF,PA14,NR_35559,WT,PA14,430,,efflux,MexF,mexF/WT,
024e_pooled,7_D7,cell_pooled_liquid,tn::mexH,PA14,NR_40815,WT,PA14,430,,efflux,MexH,mexH/WT,
024e_pooled,7_D8,cell_pooled_liquid,tn::PA14_18780,PA14,NR_47801,WT,PA14,430,,efflux,???,mex??/WT,
024e_pooled,7_D9,cell_pooled_liquid,tn::galU,PA14,NR_52640,WT,PA14,430,,LPS,core oligosaccharide,galU/WT,
024e_pooled,7_D10,cell_pooled_liquid,tn::PA14_66100,PA14,NR_31296,WT,PA14,430,,LPS,un-capped LPS,waaL/WT,
024e_pooled,7_D11,cell_pooled_liquid,wzy::aacC1,PA103,433,WT,PA103,209,,LPS,O-specific antigen,wzy/WT,
024e_pooled,7_D12,cell_pooled_liquid,tn::wzz,PA14,NR_33590,WT,PA14,430,,LPS,O-specific antigen,wzz/WT,
024e_pooled,7_E1,cell_pooled_liquid,tn::wbpL,PA14,NR_35855,WT,PA14,430,,LPS,O-specific antigen,wbpL/WT,
024e_pooled,7_E2,cell_pooled_liquid,tn::wbpM,PA14,NR_28941,WT,PA14,430,,LPS,??,wbpM/WT,
024e_pooled,7_E3,cell_pooled_liquid,WT,PA14,430,tn::phoQ,PA14,NR_33095,,LPS/regulator,pleotropic,WT/phoQ,
024e_pooled,7_E4,cell_pooled_liquid,WT,PA14,430,tn::phoP,PA14,NR_40573,,regulator,pleotropic,WT/phoP,
024e_pooled,7_E5,cell_pooled_liquid,tn::rpoS,PA14,NR_32095,WT,PA14,430,,regulator,pleotropic,rpoS/WT,
024e_pooled,7_E6,cell_pooled_liquid,WT,PA14,430,tn::rpoS,PA14,NR_32095,,regulator,pleotropic,WT/rpoS,
024e_pooled,7_E7,cell_pooled_liquid,WT,PA14,430,tn::PA14_0070,PA14,NR_27274,,alginate,alginate,WT/PA14_0070,
024e_pooled,7_E8,cell_pooled_liquid,tn::algU,PA14,NR_40799,WT,PA14,430,,alginate,alginate,algU/WT,
024e_pooled,7_E9,cell_pooled_liquid,∆lasR,PA14,1264,WT,PA14,430,,QS,pleotropic,lasR/WT,
024e_pooled,7_E10,cell_pooled_liquid,WT,PA14,430,∆lasR,PA14,1264,,QS,pleotropic,WT/lasR,
024e_pooled,7_E11,cell_pooled_liquid,tn::rhlR,PA14,NR_37943,WT,PA14,430,,QS,pleotropic,rhlR/WT,
024e_pooled,7_E12,cell_pooled_liquid,tn::qscR,PA14,NR_42798,WT,PA14,430,,QS,pleotropic,qscR/WT,
024e_pooled,7_F1,cell_pooled_liquid,WT,PA14,430,tn::rhlR,PA14,NR_37943,,QS,pleotropic,WT/rhlR,
024e_pooled,7_F2,cell_pooled_liquid,WT,PA14,430,tn::qscR,PA14,NR_42798,,QS,pleotropic,WT/qscR,
024e_pooled,7_F3,cell_pooled_liquid,tn::pelA,PA14,NR_26187,WT,PA14,430,,EPS,pel,pelA/WT,
024e_pooled,7_F4,cell_pooled_liquid,tn::PA14_61200,PA14,NR_37866,WT,PA14,430,,EPS,pel,cdrA/WT,
024e_pooled,7_F5,cell_pooled_liquid,∆pel,PAO1 Parsek,1257,WT,PAO1 Parsek,1256,,EPS,pel,pel/WT,
024e_pooled,7_F6,cell_pooled_liquid,∆psl,PAO1 Parsek,1258,WT,PAO1 Parsek,1256,,EPS,psl,psl/WT,
024e_pooled,7_F7,cell_pooled_liquid,∆pel ∆psl,PAO1 Parsek,1259,WT,PAO1 Parsek,1256,,EPS,pel/psl,pel-psl/WT,
024e_pooled,7_F8,cell_pooled_liquid,tn::PA14_49880,PA14,NR_52922,WT,PA14,430,,c-di-GMP,???,yfiR/WT,
024e_pooled,7_F9,cell_pooled_liquid,tn::PA14_16480,PA14,NR_29257,WT,PA14,430,,c-di-GMP,???,wspF/WT,
024e_pooled,7_F10,cell_pooled_liquid,tn::PA14_08450,PA14,NR_23967,WT,PA14,430,,c-di-GMP,???,wspA/WT,
024e_pooled,7_F11,cell_pooled_liquid,tn::PA14_16470,PA14,NR_25862,WT,PA14,430,,c-di-GMP,???,wspE/WT,
024e_pooled,7_F12,cell_pooled_liquid,tn::PA14_52230,PA14,NR_35992,WT,PA14,430,,iron,ferric enterobactin receptor PirA/FepA,pirA,
024e_pooled,7_G1,cell_pooled_liquid,tn::PA14_62350,PA14,NR_28557,WT,PA14,430,,iron,PhuR,phuR/WT,
024e_pooled,7_G2,cell_pooled_liquid,tn::PA14_62350,PA14,NR_53271,WT,PA14,430,,iron,PhuR,phuR/WT,
024e_pooled,7_G3,cell_pooled_liquid,tn::tonB,PA14,NR_32482,WT,PA14,430,,iron,TonB,tonB/WT,
024e_pooled,7_G4,cell_pooled_liquid,tn::ampC,PA14,NR_46815,WT,PA14,430,,antibiotic resistance,,ampC/WT,
024e_pooled,7_G5,cell_pooled_liquid,tn::cupB5,PA14,NR_53195,WT,PA14,430,,cup,cup fimbrae,cupB5/WT,
024e_pooled,7_G6,cell_pooled_liquid,WT,PAO1,220,∆fliC ∆pilA,PAO1,501,,fimbrae,cup fimbrae,WT/∆fliC ∆pilA,
024e_pooled,7_G7,cell_pooled_liquid,WT,PAO1,220,∆fliC ∆pilA,PAO1,1112,,fimbrae,cup fimbrae,WT/∆fliC ∆pilA,
024e_pooled,7_G8,cell_pooled_liquid,tn::mucB,PA14,NR_25615,WT,PA14,430,,regulator,,mucB/WT,
024e_pooled,7_G9,cell_pooled_liquid,tn::mucD,PA14,NR_34714,WT,PA14,430,,regulator,,mucD/WT,
024e_pooled,7_G10,cell_pooled_liquid,tn::PA14_41270,PA14,NR_28523,WT,PA14,430,,regulator,,parS/WT,
024e_pooled,7_G11,cell_pooled_liquid,tn::pvdS,PA14,NR_34241,WT,PA14,430,,???,,pvdS/WT,
024e_pooled,7_G12,cell_pooled_liquid,tn::pvdA,PA14,NR_30448,WT,PA14,430,,pyoveridine,,pvdA/WT,
024e_pooled,7_H1,cell_pooled_liquid,tn::PA14_53140,PA14,NR_43246,WT,PA14,430,,regulator,??,rbdA/WT,
024e_pooled,7_H2,cell_pooled_liquid,tn::pmrA,PA14,NR_48321,WT,PA14,430,,regulator,pleotropic,pmrA/WT,
024e_pooled,7_H3,cell_pooled_liquid,tn::pmrB,PA14,NR_24651,WT,PA14,430,,regulator,pleotropic,pmrB/WT,
024e_pooled,7_H4,cell_pooled_liquid,tn::envZ,PA14,NR_54624,WT,PA14,430,,regulator,,envZ/amgS/WT,
024e_pooled,7_H5,cell_pooled_liquid,tn::envZ,PA14,NR_36306,WT,PA14,430,,regulator,,envZ/amgS/WT,
024e_pooled,7_H6,cell_pooled_liquid,tn::PA14_53140,PA14,NR_41299,WT,PA14,430,,regulator,,rbdA/WT,
024e_pooled,7_H7,cell_pooled_liquid,tn::PA14_53140,PA14,NR_45062,WT,PA14,430,,regulator,,rbdA/WT,
024e_pooled,7_H8,cell_pooled_liquid,tn::PA14_19340,PA14,NR_29763,WT,PA14,430,,regulator,,ladS/WT,
024e_pooled,7_H9,cell_pooled_liquid,∆hfq,PA103,249,WT,PA103,209,,regulator,pleotropic,hfq/WT,
024e_pooled,7_H10,cell_pooled_liquid,WT,PA103,209,∆hfq,PA103,249,,regulator,pleotropic,WT/hfq,
024e_pooled,7_H11,cell_pooled_liquid,∆flhF ∆vfr,PAK,1176,∆flhF ∆vfr,PAK,1176,possibly contaminated,regulator,pleotropic,flhF/flhF-vfr,
024e_pooled,7_H12,cell_pooled_liquid,∆flhF,PAK,348,∆flhF ∆vfr,PAK,1176,,regulator,pleotropic,flhF-vfr/flhF,
024e_pooled,8_A1,cell_pooled_scrape,∆exsA,PA14,1285,∆exsD,PA14,1276,,secretion,T3SS,exsA/exsD,
024e_pooled,8_A2,cell_pooled_scrape,∆PA103_4856,PA103,47,∆exsD,PA103,408,,secretion,T3SS,retS/exsD,
024e_pooled,8_A3,cell_pooled_scrape,∆PA103_4856,PA103,47,WT,PA103,209,,regulator,pleotropic,retS/WT,
024e_pooled,8_A4,cell_pooled_scrape,∆PA103_4856,PA103,47,WT,PA103,209,,regulator,pleotropic,retS/WT,
024e_pooled,8_A5,cell_pooled_scrape,∆PA103_4856,PA103,47,WT,PA103,209,,regulator,pleotropic,retS/WT,
024e_pooled,8_A6,cell_pooled_scrape,WT,PA103,209,∆PA103_4856,PA103,47,,regulator,pleotropic,WT/retS,
024e_pooled,8_A7,cell_pooled_scrape,WT,PA103,209,∆PA103_4856,PA103,47,,regulator,pleotropic,WT/retS,
024e_pooled,8_A8,cell_pooled_scrape,WT,PA103,209,∆PA103_4856,PA103,47,,regulator,pleotropic,WT/retS,
024e_pooled,8_A9,cell_pooled_scrape,WT,PA14,430,tn::PA14_52260,PA14,NR_47013,,regulator,pleotropic,WT/gacS,
024e_pooled,8_A10,cell_pooled_scrape,WT,PA14,430,tn::PA14_52260,PA14,NR_47013,,regulator,pleotropic,WT/gacS,
024e_pooled,8_A11,cell_pooled_scrape,WT,PA103,209,fleQ(V240G),PA103,979,,motility,flagellum,WT/fleQ_PA103(V240G),
024e_pooled,8_A12,cell_pooled_scrape,tn::fleQ,PA14,NR_24554,WT,PA14,430,,motility,flagellum,fleQ/WT,
024e_pooled,8_B1,cell_pooled_scrape,WT,PAK,517,∆fleN,PAK,1299,,motility,flagellum,WT/fleN,
024e_pooled,8_B2,cell_pooled_scrape,WT,PA14,430,tn::fleN,PA14,NR_25096,,motility,flagellum,WT/fleN,
024e_pooled,8_B3,cell_pooled_scrape,tn::fleQ,PA14,NR_24554,tn::fleN,PA14,NR_25096,,motility,flagellum,fleQ/fleN,
024e_pooled,8_B4,cell_pooled_scrape,tn::fleQ,PA14,NR_24554,tn::fleN,PA14,NR_25096,possibly contaminated,motility,flagellum,fleQ/fleN,
024e_pooled,8_B5,cell_pooled_scrape,tn::fleQ,PA14,NR_24554,tn::fleN,PA14,NR_25096,,motility,flagellum,fleQ/fleN,
024e_pooled,8_B6,cell_pooled_scrape,,SA113,,∆fleN,PAK,1299,,motility,flagellum,SA113/fleN,
024e_pooled,8_B7,cell_pooled_scrape,,SA113,,WT,PAK,517,,motility,flagellum,SA113/WT,
024e_pooled,8_B8,cell_pooled_scrape,,SA113,,WT,PA14,430,,motility,flagellum,SA113/WT,
024e_pooled,8_B9,cell_pooled_scrape,∆pilQ,PAO1,1052,WT,PAO1,220,,motility,flagellum,pilQ/WT,
024e_pooled,8_B10,cell_pooled_scrape,∆pilQ,PA103,1053,WT,PA103,209,,motility,T4P/flagellum,pilQ/PA103_fleQ,
024e_pooled,8_B11,cell_pooled_scrape,tn::pilQ,PA14,NR_41699,tn::fleQ,PA14,NR_24554,,motility,T4P/flagellum,pilQ/fleQ,
024e_pooled,8_B12,cell_pooled_scrape,∆(mexAB-oprM) ∆(mexCD-oprJ) ∆mexJKL ∆(mexHI-opmD) ∆opmH,PAO1 MB5919,1377,WT,PAO1 MB5919,1376,,efflux,all efflux,∆(mexAB-oprM) ∆(mexCD-oprJ) ∆mexJKL ∆(mexHI-opmD) ∆opmH/WT,
024e_pooled,8_C1,cell_pooled_scrape,tn::oprM,PA14,NR_38915,tn::PA14_16280,PA14,NR_31143,,efflux,MexAB-OprM,oprM/nalC,
024e_pooled,8_C2,cell_pooled_scrape,tn::oprM,PA14,NR_38915,tn::PA14_16790,PA14,NR_48660,,efflux,MexAB-OprM,oprM/nalC,
024e_pooled,8_C3,cell_pooled_scrape,tn::oprM,PA14,NR_38915,tn::PA14_18080,PA14,NR_27882,,efflux,MexAB-OprM,oprM/nalD,
024e_pooled,8_C4,cell_pooled_scrape,tn::oprM,PA14,NR_38915,tn::PA14_38380,PA14,NR_41094,,efflux,MexXY-OprM,oprM/mexZ,
024e_pooled,8_C5,cell_pooled_scrape,tn::oprD,PA14,NR_35173,WT,PA14,430,,efflux,OprD,oprD/WT,
024e_pooled,8_C6,cell_pooled_scrape,tn::oprL,PA14,NR_24047,WT,PA14,430,,efflux,OprL,oprL/WT,
024e_pooled,8_C7,cell_pooled_scrape,tn::oprF,PA14,NR_23102,WT,PA14,430,,efflux,OprF,oprF/WT,
024e_pooled,8_C8,cell_pooled_scrape,tn::oprG,PA14,NR_41551,WT,PA14,430,,efflux,OprG,oprG/WT,
024e_pooled,8_C9,cell_pooled_scrape,tn::PA14_14910,PA14,NR_40644,WT,PA14,430,,efflux,porin,bamB/WT,
024e_pooled,8_C10,cell_pooled_scrape,tn::PA14_51260,PA14,NR_38046,WT,PA14,430,,efflux,porin,bamC/WT,
024e_pooled,8_C11,cell_pooled_scrape,tn::mexA,PA14,NR_26977,WT,PA14,430,,efflux,MexA,mexA/WT,
024e_pooled,8_C12,cell_pooled_scrape,tn::mexB,PA14,NR_34341,WT,PA14,430,,efflux,MexB,mexB/WT,
024e_pooled,8_D1,cell_pooled_scrape,tn::mexT,PA14,NR_46755,WT,PA14,430,,efflux,MexT,mexT/WT,
024e_pooled,8_D2,cell_pooled_scrape,tn::mexI,PA14,NR_43615,WT,PA14,430,,efflux,MexI,mexI/WT,
024e_pooled,8_D3,cell_pooled_scrape,tn::mexD,PA14,NR_48179,WT,PA14,430,,efflux,MexC,mexC/WT,
024e_pooled,8_D4,cell_pooled_scrape,tn::mexC,PA14,NR_36142,WT,PA14,430,,efflux,MexD,mexD/WT,
024e_pooled,8_D5,cell_pooled_scrape,tn::mexE,PA14,NR_54850,WT,PA14,430,,efflux,MexE,mexE/WT,
024e_pooled,8_D6,cell_pooled_scrape,tn::mexF,PA14,NR_35559,WT,PA14,430,,efflux,MexF,mexF/WT,
024e_pooled,8_D7,cell_pooled_scrape,tn::mexH,PA14,NR_40815,WT,PA14,430,,efflux,MexH,mexH/WT,
024e_pooled,8_D8,cell_pooled_scrape,tn::PA14_18780,PA14,NR_47801,WT,PA14,430,,efflux,???,mex??/WT,
024e_pooled,8_D9,cell_pooled_scrape,tn::galU,PA14,NR_52640,WT,PA14,430,,LPS,core oligosaccharide,galU/WT,
024e_pooled,8_D10,cell_pooled_scrape,tn::PA14_66100,PA14,NR_31296,WT,PA14,430,,LPS,un-capped LPS,waaL/WT,
024e_pooled,8_D11,cell_pooled_scrape,wzy::aacC1,PA103,433,WT,PA103,209,,LPS,O-specific antigen,wzy/WT,
024e_pooled,8_D12,cell_pooled_scrape,tn::wzz,PA14,NR_33590,WT,PA14,430,,LPS,O-specific antigen,wzz/WT,
024e_pooled,8_E1,cell_pooled_scrape,tn::wbpL,PA14,NR_35855,WT,PA14,430,,LPS,O-specific antigen,wbpL/WT,
024e_pooled,8_E2,cell_pooled_scrape,tn::wbpM,PA14,NR_28941,WT,PA14,430,,LPS,??,wbpM/WT,
024e_pooled,8_E3,cell_pooled_scrape,WT,PA14,430,tn::phoQ,PA14,NR_33095,,LPS/regulator,pleotropic,WT/phoQ,
024e_pooled,8_E4,cell_pooled_scrape,WT,PA14,430,tn::phoP,PA14,NR_40573,,regulator,pleotropic,WT/phoP,
024e_pooled,8_E5,cell_pooled_scrape,tn::rpoS,PA14,NR_32095,WT,PA14,430,,regulator,pleotropic,rpoS/WT,
024e_pooled,8_E6,cell_pooled_scrape,WT,PA14,430,tn::rpoS,PA14,NR_32095,,regulator,pleotropic,WT/rpoS,
024e_pooled,8_E7,cell_pooled_scrape,WT,PA14,430,tn::PA14_0070,PA14,NR_27274,,alginate,alginate,WT/PA14_0070,
024e_pooled,8_E8,cell_pooled_scrape,tn::algU,PA14,NR_40799,WT,PA14,430,,alginate,alginate,algU/WT,
024e_pooled,8_E9,cell_pooled_scrape,∆lasR,PA14,1264,WT,PA14,430,,QS,pleotropic,lasR/WT,
024e_pooled,8_E10,cell_pooled_scrape,WT,PA14,430,∆lasR,PA14,1264,,QS,pleotropic,WT/lasR,
024e_pooled,8_E11,cell_pooled_scrape,tn::rhlR,PA14,NR_37943,WT,PA14,430,,QS,pleotropic,rhlR/WT,
024e_pooled,8_E12,cell_pooled_scrape,tn::qscR,PA14,NR_42798,WT,PA14,430,,QS,pleotropic,qscR/WT,
024e_pooled,8_F1,cell_pooled_scrape,WT,PA14,430,tn::rhlR,PA14,NR_37943,,QS,pleotropic,WT/rhlR,
024e_pooled,8_F2,cell_pooled_scrape,WT,PA14,430,tn::qscR,PA14,NR_42798,,QS,pleotropic,WT/qscR,
024e_pooled,8_F3,cell_pooled_scrape,tn::pelA,PA14,NR_26187,WT,PA14,430,,EPS,pel,pelA/WT,
024e_pooled,8_F4,cell_pooled_scrape,tn::PA14_61200,PA14,NR_37866,WT,PA14,430,,EPS,pel,cdrA/WT,
024e_pooled,8_F5,cell_pooled_scrape,∆pel,PAO1 Parsek,1257,WT,PAO1 Parsek,1256,,EPS,pel,pel/WT,
024e_pooled,8_F6,cell_pooled_scrape,∆psl,PAO1 Parsek,1258,WT,PAO1 Parsek,1256,,EPS,psl,psl/WT,
024e_pooled,8_F7,cell_pooled_scrape,∆pel ∆psl,PAO1 Parsek,1259,WT,PAO1 Parsek,1256,,EPS,pel/psl,pel-psl/WT,
024e_pooled,8_F8,cell_pooled_scrape,tn::PA14_49880,PA14,NR_52922,WT,PA14,430,,c-di-GMP,???,yfiR/WT,
024e_pooled,8_F9,cell_pooled_scrape,tn::PA14_16480,PA14,NR_29257,WT,PA14,430,,c-di-GMP,???,wspF/WT,
024e_pooled,8_F10,cell_pooled_scrape,tn::PA14_08450,PA14,NR_23967,WT,PA14,430,,c-di-GMP,???,wspA/WT,
024e_pooled,8_F11,cell_pooled_scrape,tn::PA14_16470,PA14,NR_25862,WT,PA14,430,,c-di-GMP,???,wspE/WT,
024e_pooled,8_F12,cell_pooled_scrape,tn::PA14_52230,PA14,NR_35992,WT,PA14,430,,iron,ferric enterobactin receptor PirA/FepA,pirA,
024e_pooled,8_G1,cell_pooled_scrape,tn::PA14_62350,PA14,NR_28557,WT,PA14,430,,iron,PhuR,phuR/WT,
024e_pooled,8_G2,cell_pooled_scrape,tn::PA14_62350,PA14,NR_53271,WT,PA14,430,,iron,PhuR,phuR/WT,
024e_pooled,8_G3,cell_pooled_scrape,tn::tonB,PA14,NR_32482,WT,PA14,430,,iron,TonB,tonB/WT,
024e_pooled,8_G4,cell_pooled_scrape,tn::ampC,PA14,NR_46815,WT,PA14,430,,antibiotic resistance,,ampC/WT,
024e_pooled,8_G5,cell_pooled_scrape,tn::cupB5,PA14,NR_53195,WT,PA14,430,,cup,cup fimbrae,cupB5/WT,
024e_pooled,8_G6,cell_pooled_scrape,WT,PAO1,220,∆fliC ∆pilA,PAO1,501,,fimbrae,cup fimbrae,WT/∆fliC ∆pilA,
024e_pooled,8_G7,cell_pooled_scrape,WT,PAO1,220,∆fliC ∆pilA,PAO1,1112,,fimbrae,cup fimbrae,WT/∆fliC ∆pilA,
024e_pooled,8_G8,cell_pooled_scrape,tn::mucB,PA14,NR_25615,WT,PA14,430,,regulator,,mucB/WT,
024e_pooled,8_G9,cell_pooled_scrape,tn::mucD,PA14,NR_34714,WT,PA14,430,,regulator,,mucD/WT,
024e_pooled,8_G10,cell_pooled_scrape,tn::PA14_41270,PA14,NR_28523,WT,PA14,430,,regulator,,parS/WT,
024e_pooled,8_G11,cell_pooled_scrape,tn::pvdS,PA14,NR_34241,WT,PA14,430,,???,,pvdS/WT,
024e_pooled,8_G12,cell_pooled_scrape,tn::pvdA,PA14,NR_30448,WT,PA14,430,,pyoveridine,,pvdA/WT,
024e_pooled,8_H1,cell_pooled_scrape,tn::PA14_53140,PA14,NR_43246,WT,PA14,430,,regulator,??,rbdA/WT,
024e_pooled,8_H2,cell_pooled_scrape,tn::pmrA,PA14,NR_48321,WT,PA14,430,,regulator,pleotropic,pmrA/WT,
024e_pooled,8_H3,cell_pooled_scrape,tn::pmrB,PA14,NR_24651,WT,PA14,430,,regulator,pleotropic,pmrB/WT,
024e_pooled,8_H4,cell_pooled_scrape,tn::envZ,PA14,NR_54624,WT,PA14,430,,regulator,,envZ/amgS/WT,
024e_pooled,8_H5,cell_pooled_scrape,tn::envZ,PA14,NR_36306,WT,PA14,430,,regulator,,envZ/amgS/WT,
024e_pooled,8_H6,cell_pooled_scrape,tn::PA14_53140,PA14,NR_41299,WT,PA14,430,,regulator,,rbdA/WT,
024e_pooled,8_H7,cell_pooled_scrape,tn::PA14_53140,PA14,NR_45062,WT,PA14,430,,regulator,,rbdA/WT,
024e_pooled,8_H8,cell_pooled_scrape,tn::PA14_19340,PA14,NR_29763,WT,PA14,430,,regulator,,ladS/WT,
024e_pooled,8_H9,cell_pooled_scrape,∆hfq,PA103,249,WT,PA103,209,,regulator,pleotropic,hfq/WT,
024e_pooled,8_H10,cell_pooled_scrape,WT,PA103,209,∆hfq,PA103,249,,regulator,pleotropic,WT/hfq,
024e_pooled,8_H11,cell_pooled_scrape,∆flhF ∆vfr,PAK,1176,∆flhF ∆vfr,PAK,1176,possibly contaminated,regulator,pleotropic,flhF/flhF-vfr,
024e_pooled,8_H12,cell_pooled_scrape,∆flhF,PAK,348,∆flhF ∆vfr,PAK,1176,,regulator,pleotropic,flhF-vfr/flhF,
024e_pooled,15_A1,cell_pooled_liquid,∆exsA,PA14,1285,∆exsD,PA14,1276,,secretion,T3SS,exsA/exsD,
024e_pooled,15_A2,cell_pooled_liquid,∆PA103_4856,PA103,47,∆exsD,PA103,408,,secretion,T3SS,retS/exsD,
024e_pooled,15_A3,cell_pooled_liquid,∆PA103_4856,PA103,47,WT,PA103,209,,regulator,pleotropic,retS/WT,
024e_pooled,15_A4,cell_pooled_liquid,∆PA103_4856,PA103,47,WT,PA103,209,,regulator,pleotropic,retS/WT,
024e_pooled,15_A5,cell_pooled_liquid,∆PA103_4856,PA103,47,WT,PA103,209,,regulator,pleotropic,retS/WT,
024e_pooled,15_A6,cell_pooled_liquid,WT,PA103,209,∆PA103_4856,PA103,47,,regulator,pleotropic,WT/retS,
024e_pooled,15_A7,cell_pooled_liquid,WT,PA103,209,∆PA103_4856,PA103,47,,regulator,pleotropic,WT/retS,
024e_pooled,15_A8,cell_pooled_liquid,WT,PA103,209,∆PA103_4856,PA103,47,,regulator,pleotropic,WT/retS,
024e_pooled,15_A9,cell_pooled_liquid,WT,PA14,430,tn::PA14_52260,PA14,NR_47013,,regulator,pleotropic,WT/gacS,
024e_pooled,15_A10,cell_pooled_liquid,WT,PA14,430,tn::PA14_52260,PA14,NR_47013,,regulator,pleotropic,WT/gacS,
024e_pooled,15_A11,cell_pooled_liquid,WT,PA103,209,fleQ(V240G),PA103,979,,motility,flagellum,WT/fleQ_PA103(V240G),
024e_pooled,15_A12,cell_pooled_liquid,tn::fleQ,PA14,NR_24554,WT,PA14,430,,motility,flagellum,fleQ/WT,
024e_pooled,15_B1,cell_pooled_liquid,WT,PAK,517,∆fleN,PAK,1299,,motility,flagellum,WT/fleN,
024e_pooled,15_B2,cell_pooled_liquid,WT,PA14,430,tn::fleN,PA14,NR_25096,,motility,flagellum,WT/fleN,
024e_pooled,15_B3,cell_pooled_liquid,tn::fleQ,PA14,NR_24554,tn::fleN,PA14,NR_25096,,motility,flagellum,fleQ/fleN,
024e_pooled,15_B4,cell_pooled_liquid,tn::fleQ,PA14,NR_24554,tn::fleN,PA14,NR_25096,possibly contaminated,motility,flagellum,fleQ/fleN,
024e_pooled,15_B5,cell_pooled_liquid,tn::fleQ,PA14,NR_24554,tn::fleN,PA14,NR_25096,,motility,flagellum,fleQ/fleN,
024e_pooled,15_B6,cell_pooled_liquid,,SA113,,∆fleN,PAK,1299,,motility,flagellum,SA113/fleN,
024e_pooled,15_B7,cell_pooled_liquid,,SA113,,WT,PAK,517,,motility,flagellum,SA113/WT,
024e_pooled,15_B8,cell_pooled_liquid,,SA113,,WT,PA14,430,,motility,flagellum,SA113/WT,
024e_pooled,15_B9,cell_pooled_liquid,∆pilQ,PAO1,1052,WT,PAO1,220,,motility,flagellum,pilQ/WT,
024e_pooled,15_B10,cell_pooled_liquid,∆pilQ,PA103,1053,WT,PA103,209,,motility,T4P/flagellum,pilQ/PA103_fleQ,
024e_pooled,15_B11,cell_pooled_liquid,tn::pilQ,PA14,NR_41699,tn::fleQ,PA14,NR_24554,,motility,T4P/flagellum,pilQ/fleQ,
024e_pooled,15_B12,cell_pooled_liquid,∆(mexAB-oprM) ∆(mexCD-oprJ) ∆mexJKL ∆(mexHI-opmD) ∆opmH,PAO1 MB5919,1377,WT,PAO1 MB5919,1376,,efflux,all efflux,∆(mexAB-oprM) ∆(mexCD-oprJ) ∆mexJKL ∆(mexHI-opmD) ∆opmH/WT,
024e_pooled,15_C1,cell_pooled_liquid,tn::oprM,PA14,NR_38915,tn::PA14_16280,PA14,NR_31143,,efflux,MexAB-OprM,oprM/nalC,
024e_pooled,15_C2,cell_pooled_liquid,tn::oprM,PA14,NR_38915,tn::PA14_16790,PA14,NR_48660,,efflux,MexAB-OprM,oprM/nalC,
024e_pooled,15_C3,cell_pooled_liquid,tn::oprM,PA14,NR_38915,tn::PA14_18080,PA14,NR_27882,,efflux,MexAB-OprM,oprM/nalD,
024e_pooled,15_C4,cell_pooled_liquid,tn::oprM,PA14,NR_38915,tn::PA14_38380,PA14,NR_41094,,efflux,MexXY-OprM,oprM/mexZ,
024e_pooled,15_C5,cell_pooled_liquid,tn::oprD,PA14,NR_35173,WT,PA14,430,,efflux,OprD,oprD/WT,
024e_pooled,15_C6,cell_pooled_liquid,tn::oprL,PA14,NR_24047,WT,PA14,430,,efflux,OprL,oprL/WT,
024e_pooled,15_C7,cell_pooled_liquid,tn::oprF,PA14,NR_23102,WT,PA14,430,,efflux,OprF,oprF/WT,
024e_pooled,15_C8,cell_pooled_liquid,tn::oprG,PA14,NR_41551,WT,PA14,430,,efflux,OprG,oprG/WT,
024e_pooled,15_C9,cell_pooled_liquid,tn::PA14_14910,PA14,NR_40644,WT,PA14,430,,efflux,porin,bamB/WT,
024e_pooled,15_C10,cell_pooled_liquid,tn::PA14_51260,PA14,NR_38046,WT,PA14,430,,efflux,porin,bamC/WT,
024e_pooled,15_C11,cell_pooled_liquid,tn::mexA,PA14,NR_26977,WT,PA14,430,,efflux,MexA,mexA/WT,
024e_pooled,15_C12,cell_pooled_liquid,tn::mexB,PA14,NR_34341,WT,PA14,430,,efflux,MexB,mexB/WT,
024e_pooled,15_D1,cell_pooled_liquid,tn::mexT,PA14,NR_46755,WT,PA14,430,,efflux,MexT,mexT/WT,
024e_pooled,15_D2,cell_pooled_liquid,tn::mexI,PA14,NR_43615,WT,PA14,430,,efflux,MexI,mexI/WT,
024e_pooled,15_D3,cell_pooled_liquid,tn::mexD,PA14,NR_48179,WT,PA14,430,,efflux,MexC,mexC/WT,
024e_pooled,15_D4,cell_pooled_liquid,tn::mexC,PA14,NR_36142,WT,PA14,430,,efflux,MexD,mexD/WT,
024e_pooled,15_D5,cell_pooled_liquid,tn::mexE,PA14,NR_54850,WT,PA14,430,,efflux,MexE,mexE/WT,
024e_pooled,15_D6,cell_pooled_liquid,tn::mexF,PA14,NR_35559,WT,PA14,430,,efflux,MexF,mexF/WT,
024e_pooled,15_D7,cell_pooled_liquid,tn::mexH,PA14,NR_40815,WT,PA14,430,,efflux,MexH,mexH/WT,
024e_pooled,15_D8,cell_pooled_liquid,tn::PA14_18780,PA14,NR_47801,WT,PA14,430,,efflux,???,mex??/WT,
024e_pooled,15_D9,cell_pooled_liquid,tn::galU,PA14,NR_52640,WT,PA14,430,,LPS,core oligosaccharide,galU/WT,
024e_pooled,15_D10,cell_pooled_liquid,tn::PA14_66100,PA14,NR_31296,WT,PA14,430,,LPS,un-capped LPS,waaL/WT,
024e_pooled,15_D11,cell_pooled_liquid,wzy::aacC1,PA103,433,WT,PA103,209,,LPS,O-specific antigen,wzy/WT,
024e_pooled,15_D12,cell_pooled_liquid,tn::wzz,PA14,NR_33590,WT,PA14,430,,LPS,O-specific antigen,wzz/WT,
024e_pooled,15_E1,cell_pooled_liquid,tn::wbpL,PA14,NR_35855,WT,PA14,430,,LPS,O-specific antigen,wbpL/WT,
024e_pooled,15_E2,cell_pooled_liquid,tn::wbpM,PA14,NR_28941,WT,PA14,430,,LPS,??,wbpM/WT,
024e_pooled,15_E3,cell_pooled_liquid,WT,PA14,430,tn::phoQ,PA14,NR_33095,,LPS/regulator,pleotropic,WT/phoQ,
024e_pooled,15_E4,cell_pooled_liquid,WT,PA14,430,tn::phoP,PA14,NR_40573,,regulator,pleotropic,WT/phoP,
024e_pooled,15_E5,cell_pooled_liquid,tn::rpoS,PA14,NR_32095,WT,PA14,430,,regulator,pleotropic,rpoS/WT,
024e_pooled,15_E6,cell_pooled_liquid,WT,PA14,430,tn::rpoS,PA14,NR_32095,,regulator,pleotropic,WT/rpoS,
024e_pooled,15_E7,cell_pooled_liquid,WT,PA14,430,tn::PA14_0070,PA14,NR_27274,,alginate,alginate,WT/PA14_0070,
024e_pooled,15_E8,cell_pooled_liquid,tn::algU,PA14,NR_40799,WT,PA14,430,,alginate,alginate,algU/WT,
024e_pooled,15_E9,cell_pooled_liquid,∆lasR,PA14,1264,WT,PA14,430,,QS,pleotropic,lasR/WT,
024e_pooled,15_E10,cell_pooled_liquid,WT,PA14,430,∆lasR,PA14,1264,,QS,pleotropic,WT/lasR,
024e_pooled,15_E11,cell_pooled_liquid,tn::rhlR,PA14,NR_37943,WT,PA14,430,,QS,pleotropic,rhlR/WT,
024e_pooled,15_E12,cell_pooled_liquid,tn::qscR,PA14,NR_42798,WT,PA14,430,,QS,pleotropic,qscR/WT,
024e_pooled,15_F1,cell_pooled_liquid,WT,PA14,430,tn::rhlR,PA14,NR_37943,,QS,pleotropic,WT/rhlR,
024e_pooled,15_F2,cell_pooled_liquid,WT,PA14,430,tn::qscR,PA14,NR_42798,,QS,pleotropic,WT/qscR,
024e_pooled,15_F3,cell_pooled_liquid,tn::pelA,PA14,NR_26187,WT,PA14,430,,EPS,pel,pelA/WT,
024e_pooled,15_F4,cell_pooled_liquid,tn::PA14_61200,PA14,NR_37866,WT,PA14,430,,EPS,pel,cdrA/WT,
024e_pooled,15_F5,cell_pooled_liquid,∆pel,PAO1 Parsek,1257,WT,PAO1 Parsek,1256,,EPS,pel,pel/WT,
024e_pooled,15_F6,cell_pooled_liquid,∆psl,PAO1 Parsek,1258,WT,PAO1 Parsek,1256,,EPS,psl,psl/WT,
024e_pooled,15_F7,cell_pooled_liquid,∆pel ∆psl,PAO1 Parsek,1259,WT,PAO1 Parsek,1256,,EPS,pel/psl,pel-psl/WT,
024e_pooled,15_F8,cell_pooled_liquid,tn::PA14_49880,PA14,NR_52922,WT,PA14,430,,c-di-GMP,???,yfiR/WT,
024e_pooled,15_F9,cell_pooled_liquid,tn::PA14_16480,PA14,NR_29257,WT,PA14,430,,c-di-GMP,???,wspF/WT,
024e_pooled,15_F10,cell_pooled_liquid,tn::PA14_08450,PA14,NR_23967,WT,PA14,430,,c-di-GMP,???,wspA/WT,
024e_pooled,15_F11,cell_pooled_liquid,tn::PA14_16470,PA14,NR_25862,WT,PA14,430,,c-di-GMP,???,wspE/WT,
024e_pooled,15_F12,cell_pooled_liquid,tn::PA14_52230,PA14,NR_35992,WT,PA14,430,,iron,ferric enterobactin receptor PirA/FepA,pirA,
024e_pooled,15_G1,cell_pooled_liquid,tn::PA14_62350,PA14,NR_28557,WT,PA14,430,,iron,PhuR,phuR/WT,
024e_pooled,15_G2,cell_pooled_liquid,tn::PA14_62350,PA14,NR_53271,WT,PA14,430,,iron,PhuR,phuR/WT,
024e_pooled,15_G3,cell_pooled_liquid,tn::tonB,PA14,NR_32482,WT,PA14,430,,iron,TonB,tonB/WT,
024e_pooled,15_G4,cell_pooled_liquid,tn::ampC,PA14,NR_46815,WT,PA14,430,,antibiotic resistance,,ampC/WT,
024e_pooled,15_G5,cell_pooled_liquid,tn::cupB5,PA14,NR_53195,WT,PA14,430,,cup,cup fimbrae,cupB5/WT,
024e_pooled,15_G6,cell_pooled_liquid,WT,PAO1,220,∆fliC ∆pilA,PAO1,501,,fimbrae,cup fimbrae,WT/∆fliC ∆pilA,
024e_pooled,15_G7,cell_pooled_liquid,WT,PAO1,220,∆fliC ∆pilA,PAO1,1112,,fimbrae,cup fimbrae,WT/∆fliC ∆pilA,
024e_pooled,15_G8,cell_pooled_liquid,tn::mucB,PA14,NR_25615,WT,PA14,430,,regulator,,mucB/WT,
024e_pooled,15_G9,cell_pooled_liquid,tn::mucD,PA14,NR_34714,WT,PA14,430,,regulator,,mucD/WT,
024e_pooled,15_G10,cell_pooled_liquid,tn::PA14_41270,PA14,NR_28523,WT,PA14,430,,regulator,,parS/WT,
024e_pooled,15_G11,cell_pooled_liquid,tn::pvdS,PA14,NR_34241,WT,PA14,430,,???,,pvdS/WT,
024e_pooled,15_G12,cell_pooled_liquid,tn::pvdA,PA14,NR_30448,WT,PA14,430,,pyoveridine,,pvdA/WT,
024e_pooled,15_H1,cell_pooled_liquid,tn::PA14_53140,PA14,NR_43246,WT,PA14,430,,regulator,??,rbdA/WT,
024e_pooled,15_H2,cell_pooled_liquid,tn::pmrA,PA14,NR_48321,WT,PA14,430,,regulator,pleotropic,pmrA/WT,
024e_pooled,15_H3,cell_pooled_liquid,tn::pmrB,PA14,NR_24651,WT,PA14,430,,regulator,pleotropic,pmrB/WT,
024e_pooled,15_H4,cell_pooled_liquid,tn::envZ,PA14,NR_54624,WT,PA14,430,,regulator,,envZ/amgS/WT,
024e_pooled,15_H5,cell_pooled_liquid,tn::envZ,PA14,NR_36306,WT,PA14,430,,regulator,,envZ/amgS/WT,
024e_pooled,15_H6,cell_pooled_liquid,tn::PA14_53140,PA14,NR_41299,WT,PA14,430,,regulator,,rbdA/WT,
024e_pooled,15_H7,cell_pooled_liquid,tn::PA14_53140,PA14,NR_45062,WT,PA14,430,,regulator,,rbdA/WT,
024e_pooled,15_H8,cell_pooled_liquid,tn::PA14_19340,PA14,NR_29763,WT,PA14,430,,regulator,,ladS/WT,
024e_pooled,15_H9,cell_pooled_liquid,∆hfq,PA103,249,WT,PA103,209,,regulator,pleotropic,hfq/WT,
024e_pooled,15_H10,cell_pooled_liquid,WT,PA103,209,∆hfq,PA103,249,,regulator,pleotropic,WT/hfq,
024e_pooled,15_H11,cell_pooled_liquid,∆flhF ∆vfr,PAK,1176,∆flhF ∆vfr,PAK,1176,possibly contaminated,regulator,pleotropic,flhF/flhF-vfr,
024e_pooled,15_H12,cell_pooled_liquid,∆flhF,PAK,348,∆flhF ∆vfr,PAK,1176,,regulator,pleotropic,flhF-vfr/flhF,
024e_pooled,16_A1,cell_pooled_scrape,∆exsA,PA14,1285,∆exsD,PA14,1276,,secretion,T3SS,exsA/exsD,
024e_pooled,16_A2,cell_pooled_scrape,∆PA103_4856,PA103,47,∆exsD,PA103,408,,secretion,T3SS,retS/exsD,
024e_pooled,16_A3,cell_pooled_scrape,∆PA103_4856,PA103,47,WT,PA103,209,,regulator,pleotropic,retS/WT,
024e_pooled,16_A4,cell_pooled_scrape,∆PA103_4856,PA103,47,WT,PA103,209,,regulator,pleotropic,retS/WT,
024e_pooled,16_A5,cell_pooled_scrape,∆PA103_4856,PA103,47,WT,PA103,209,,regulator,pleotropic,retS/WT,
024e_pooled,16_A6,cell_pooled_scrape,WT,PA103,209,∆PA103_4856,PA103,47,,regulator,pleotropic,WT/retS,
024e_pooled,16_A7,cell_pooled_scrape,WT,PA103,209,∆PA103_4856,PA103,47,,regulator,pleotropic,WT/retS,
024e_pooled,16_A8,cell_pooled_scrape,WT,PA103,209,∆PA103_4856,PA103,47,,regulator,pleotropic,WT/retS,
024e_pooled,16_A9,cell_pooled_scrape,WT,PA14,430,tn::PA14_52260,PA14,NR_47013,,regulator,pleotropic,WT/gacS,
024e_pooled,16_A10,cell_pooled_scrape,WT,PA14,430,tn::PA14_52260,PA14,NR_47013,,regulator,pleotropic,WT/gacS,
024e_pooled,16_A11,cell_pooled_scrape,WT,PA103,209,fleQ(V240G),PA103,979,,motility,flagellum,WT/fleQ_PA103(V240G),
024e_pooled,16_A12,cell_pooled_scrape,tn::fleQ,PA14,NR_24554,WT,PA14,430,,motility,flagellum,fleQ/WT,
024e_pooled,16_B1,cell_pooled_scrape,WT,PAK,517,∆fleN,PAK,1299,,motility,flagellum,WT/fleN,
024e_pooled,16_B2,cell_pooled_scrape,WT,PA14,430,tn::fleN,PA14,NR_25096,,motility,flagellum,WT/fleN,
024e_pooled,16_B3,cell_pooled_scrape,tn::fleQ,PA14,NR_24554,tn::fleN,PA14,NR_25096,,motility,flagellum,fleQ/fleN,
024e_pooled,16_B4,cell_pooled_scrape,tn::fleQ,PA14,NR_24554,tn::fleN,PA14,NR_25096,possibly contaminated,motility,flagellum,fleQ/fleN,
024e_pooled,16_B5,cell_pooled_scrape,tn::fleQ,PA14,NR_24554,tn::fleN,PA14,NR_25096,,motility,flagellum,fleQ/fleN,
024e_pooled,16_B6,cell_pooled_scrape,,SA113,,∆fleN,PAK,1299,,motility,flagellum,SA113/fleN,
024e_pooled,16_B7,cell_pooled_scrape,,SA113,,WT,PAK,517,,motility,flagellum,SA113/WT,
024e_pooled,16_B8,cell_pooled_scrape,,SA113,,WT,PA14,430,,motility,flagellum,SA113/WT,
024e_pooled,16_B9,cell_pooled_scrape,∆pilQ,PAO1,1052,WT,PAO1,220,,motility,flagellum,pilQ/WT,
024e_pooled,16_B10,cell_pooled_scrape,∆pilQ,PA103,1053,WT,PA103,209,,motility,T4P/flagellum,pilQ/PA103_fleQ,
024e_pooled,16_B11,cell_pooled_scrape,tn::pilQ,PA14,NR_41699,tn::fleQ,PA14,NR_24554,,motility,T4P/flagellum,pilQ/fleQ,
024e_pooled,16_B12,cell_pooled_scrape,∆(mexAB-oprM) ∆(mexCD-oprJ) ∆mexJKL ∆(mexHI-opmD) ∆opmH,PAO1 MB5919,1377,WT,PAO1 MB5919,1376,,efflux,all efflux,∆(mexAB-oprM) ∆(mexCD-oprJ) ∆mexJKL ∆(mexHI-opmD) ∆opmH/WT,
024e_pooled,16_C1,cell_pooled_scrape,tn::oprM,PA14,NR_38915,tn::PA14_16280,PA14,NR_31143,,efflux,MexAB-OprM,oprM/nalC,
024e_pooled,16_C2,cell_pooled_scrape,tn::oprM,PA14,NR_38915,tn::PA14_16790,PA14,NR_48660,,efflux,MexAB-OprM,oprM/nalC,
024e_pooled,16_C3,cell_pooled_scrape,tn::oprM,PA14,NR_38915,tn::PA14_18080,PA14,NR_27882,,efflux,MexAB-OprM,oprM/nalD,
024e_pooled,16_C4,cell_pooled_scrape,tn::oprM,PA14,NR_38915,tn::PA14_38380,PA14,NR_41094,,efflux,MexXY-OprM,oprM/mexZ,
024e_pooled,16_C5,cell_pooled_scrape,tn::oprD,PA14,NR_35173,WT,PA14,430,,efflux,OprD,oprD/WT,
024e_pooled,16_C6,cell_pooled_scrape,tn::oprL,PA14,NR_24047,WT,PA14,430,,efflux,OprL,oprL/WT,
024e_pooled,16_C7,cell_pooled_scrape,tn::oprF,PA14,NR_23102,WT,PA14,430,,efflux,OprF,oprF/WT,
024e_pooled,16_C8,cell_pooled_scrape,tn::oprG,PA14,NR_41551,WT,PA14,430,,efflux,OprG,oprG/WT,
024e_pooled,16_C9,cell_pooled_scrape,tn::PA14_14910,PA14,NR_40644,WT,PA14,430,,efflux,porin,bamB/WT,
024e_pooled,16_C10,cell_pooled_scrape,tn::PA14_51260,PA14,NR_38046,WT,PA14,430,,efflux,porin,bamC/WT,
024e_pooled,16_C11,cell_pooled_scrape,tn::mexA,PA14,NR_26977,WT,PA14,430,,efflux,MexA,mexA/WT,
024e_pooled,16_C12,cell_pooled_scrape,tn::mexB,PA14,NR_34341,WT,PA14,430,,efflux,MexB,mexB/WT,
024e_pooled,16_D1,cell_pooled_scrape,tn::mexT,PA14,NR_46755,WT,PA14,430,,efflux,MexT,mexT/WT,
024e_pooled,16_D2,cell_pooled_scrape,tn::mexI,PA14,NR_43615,WT,PA14,430,,efflux,MexI,mexI/WT,
024e_pooled,16_D3,cell_pooled_scrape,tn::mexD,PA14,NR_48179,WT,PA14,430,,efflux,MexC,mexC/WT,
024e_pooled,16_D4,cell_pooled_scrape,tn::mexC,PA14,NR_36142,WT,PA14,430,,efflux,MexD,mexD/WT,
024e_pooled,16_D5,cell_pooled_scrape,tn::mexE,PA14,NR_54850,WT,PA14,430,,efflux,MexE,mexE/WT,
024e_pooled,16_D6,cell_pooled_scrape,tn::mexF,PA14,NR_35559,WT,PA14,430,,efflux,MexF,mexF/WT,
024e_pooled,16_D7,cell_pooled_scrape,tn::mexH,PA14,NR_40815,WT,PA14,430,,efflux,MexH,mexH/WT,
024e_pooled,16_D8,cell_pooled_scrape,tn::PA14_18780,PA14,NR_47801,WT,PA14,430,,efflux,???,mex??/WT,
024e_pooled,16_D9,cell_pooled_scrape,tn::galU,PA14,NR_52640,WT,PA14,430,,LPS,core oligosaccharide,galU/WT,
024e_pooled,16_D10,cell_pooled_scrape,tn::PA14_66100,PA14,NR_31296,WT,PA14,430,,LPS,un-capped LPS,waaL/WT,
024e_pooled,16_D11,cell_pooled_scrape,wzy::aacC1,PA103,433,WT,PA103,209,,LPS,O-specific antigen,wzy/WT,
024e_pooled,16_D12,cell_pooled_scrape,tn::wzz,PA14,NR_33590,WT,PA14,430,,LPS,O-specific antigen,wzz/WT,
024e_pooled,16_E1,cell_pooled_scrape,tn::wbpL,PA14,NR_35855,WT,PA14,430,,LPS,O-specific antigen,wbpL/WT,
024e_pooled,16_E2,cell_pooled_scrape,tn::wbpM,PA14,NR_28941,WT,PA14,430,,LPS,??,wbpM/WT,
024e_pooled,16_E3,cell_pooled_scrape,WT,PA14,430,tn::phoQ,PA14,NR_33095,,LPS/regulator,pleotropic,WT/phoQ,
024e_pooled,16_E4,cell_pooled_scrape,WT,PA14,430,tn::phoP,PA14,NR_40573,,regulator,pleotropic,WT/phoP,
024e_pooled,16_E5,cell_pooled_scrape,tn::rpoS,PA14,NR_32095,WT,PA14,430,,regulator,pleotropic,rpoS/WT,
024e_pooled,16_E6,cell_pooled_scrape,WT,PA14,430,tn::rpoS,PA14,NR_32095,,regulator,pleotropic,WT/rpoS,
024e_pooled,16_E7,cell_pooled_scrape,WT,PA14,430,tn::PA14_0070,PA14,NR_27274,,alginate,alginate,WT/PA14_0070,
024e_pooled,16_E8,cell_pooled_scrape,tn::algU,PA14,NR_40799,WT,PA14,430,,alginate,alginate,algU/WT,
024e_pooled,16_E9,cell_pooled_scrape,∆lasR,PA14,1264,WT,PA14,430,,QS,pleotropic,lasR/WT,
024e_pooled,16_E10,cell_pooled_scrape,WT,PA14,430,∆lasR,PA14,1264,,QS,pleotropic,WT/lasR,
024e_pooled,16_E11,cell_pooled_scrape,tn::rhlR,PA14,NR_37943,WT,PA14,430,,QS,pleotropic,rhlR/WT,
024e_pooled,16_E12,cell_pooled_scrape,tn::qscR,PA14,NR_42798,WT,PA14,430,,QS,pleotropic,qscR/WT,
024e_pooled,16_F1,cell_pooled_scrape,WT,PA14,430,tn::rhlR,PA14,NR_37943,,QS,pleotropic,WT/rhlR,
024e_pooled,16_F2,cell_pooled_scrape,WT,PA14,430,tn::qscR,PA14,NR_42798,,QS,pleotropic,WT/qscR,
024e_pooled,16_F3,cell_pooled_scrape,tn::pelA,PA14,NR_26187,WT,PA14,430,,EPS,pel,pelA/WT,
024e_pooled,16_F4,cell_pooled_scrape,tn::PA14_61200,PA14,NR_37866,WT,PA14,430,,EPS,pel,cdrA/WT,
024e_pooled,16_F5,cell_pooled_scrape,∆pel,PAO1 Parsek,1257,WT,PAO1 Parsek,1256,,EPS,pel,pel/WT,
024e_pooled,16_F6,cell_pooled_scrape,∆psl,PAO1 Parsek,1258,WT,PAO1 Parsek,1256,,EPS,psl,psl/WT,
024e_pooled,16_F7,cell_pooled_scrape,∆pel ∆psl,PAO1 Parsek,1259,WT,PAO1 Parsek,1256,,EPS,pel/psl,pel-psl/WT,
024e_pooled,16_F8,cell_pooled_scrape,tn::PA14_49880,PA14,NR_52922,WT,PA14,430,,c-di-GMP,???,yfiR/WT,
024e_pooled,16_F9,cell_pooled_scrape,tn::PA14_16480,PA14,NR_29257,WT,PA14,430,,c-di-GMP,???,wspF/WT,
024e_pooled,16_F10,cell_pooled_scrape,tn::PA14_08450,PA14,NR_23967,WT,PA14,430,,c-di-GMP,???,wspA/WT,
024e_pooled,16_F11,cell_pooled_scrape,tn::PA14_16470,PA14,NR_25862,WT,PA14,430,,c-di-GMP,???,wspE/WT,
024e_pooled,16_F12,cell_pooled_scrape,tn::PA14_52230,PA14,NR_35992,WT,PA14,430,,iron,ferric enterobactin receptor PirA/FepA,pirA,
024e_pooled,16_G1,cell_pooled_scrape,tn::PA14_62350,PA14,NR_28557,WT,PA14,430,,iron,PhuR,phuR/WT,
024e_pooled,16_G2,cell_pooled_scrape,tn::PA14_62350,PA14,NR_53271,WT,PA14,430,,iron,PhuR,phuR/WT,
024e_pooled,16_G3,cell_pooled_scrape,tn::tonB,PA14,NR_32482,WT,PA14,430,,iron,TonB,tonB/WT,
024e_pooled,16_G4,cell_pooled_scrape,tn::ampC,PA14,NR_46815,WT,PA14,430,,antibiotic resistance,,ampC/WT,
024e_pooled,16_G5,cell_pooled_scrape,tn::cupB5,PA14,NR_53195,WT,PA14,430,,cup,cup fimbrae,cupB5/WT,
024e_pooled,16_G6,cell_pooled_scrape,WT,PAO1,220,∆fliC ∆pilA,PAO1,501,,fimbrae,cup fimbrae,WT/∆fliC ∆pilA,
024e_pooled,16_G7,cell_pooled_scrape,WT,PAO1,220,∆fliC ∆pilA,PAO1,1112,,fimbrae,cup fimbrae,WT/∆fliC ∆pilA,
024e_pooled,16_G8,cell_pooled_scrape,tn::mucB,PA14,NR_25615,WT,PA14,430,,regulator,,mucB/WT,
024e_pooled,16_G9,cell_pooled_scrape,tn::mucD,PA14,NR_34714,WT,PA14,430,,regulator,,mucD/WT,
024e_pooled,16_G10,cell_pooled_scrape,tn::PA14_41270,PA14,NR_28523,WT,PA14,430,,regulator,,parS/WT,
024e_pooled,16_G11,cell_pooled_scrape,tn::pvdS,PA14,NR_34241,WT,PA14,430,,???,,pvdS/WT,
024e_pooled,16_G12,cell_pooled_scrape,tn::pvdA,PA14,NR_30448,WT,PA14,430,,pyoveridine,,pvdA/WT,
024e_pooled,16_H1,cell_pooled_scrape,tn::PA14_53140,PA14,NR_43246,WT,PA14,430,,regulator,??,rbdA/WT,
024e_pooled,16_H2,cell_pooled_scrape,tn::pmrA,PA14,NR_48321,WT,PA14,430,,regulator,pleotropic,pmrA/WT,
024e_pooled,16_H3,cell_pooled_scrape,tn::pmrB,PA14,NR_24651,WT,PA14,430,,regulator,pleotropic,pmrB/WT,
024e_pooled,16_H4,cell_pooled_scrape,tn::envZ,PA14,NR_54624,WT,PA14,430,,regulator,,envZ/amgS/WT,
024e_pooled,16_H5,cell_pooled_scrape,tn::envZ,PA14,NR_36306,WT,PA14,430,,regulator,,envZ/amgS/WT,
024e_pooled,16_H6,cell_pooled_scrape,tn::PA14_53140,PA14,NR_41299,WT,PA14,430,,regulator,,rbdA/WT,
024e_pooled,16_H7,cell_pooled_scrape,tn::PA14_53140,PA14,NR_45062,WT,PA14,430,,regulator,,rbdA/WT,
024e_pooled,16_H8,cell_pooled_scrape,tn::PA14_19340,PA14,NR_29763,WT,PA14,430,,regulator,,ladS/WT,
024e_pooled,16_H9,cell_pooled_scrape,∆hfq,PA103,249,WT,PA103,209,,regulator,pleotropic,hfq/WT,
024e_pooled,16_H10,cell_pooled_scrape,WT,PA103,209,∆hfq,PA103,249,,regulator,pleotropic,WT/hfq,
024e_pooled,16_H11,cell_pooled_scrape,∆flhF ∆vfr,PAK,1176,∆flhF ∆vfr,PAK,1176,possibly contaminated,regulator,pleotropic,flhF/flhF-vfr,
024e_pooled,16_H12,cell_pooled_scrape,∆flhF,PAK,348,∆flhF ∆vfr,PAK,1176,,regulator,pleotropic,flhF-vfr/flhF,