genotype_CS,genotype_S,flagellum,pilin,T3SS,efflux,alginate,pel/psl
tn::fleQ,WT,1,,,,,
WT,∆fleN,1,,,,,
WT,tn::fleN,1,,,,,
tn::fleQ,tn::fleN,1,,,,,
,∆fleN,1,,,,,
tn::pilQ,tn::fleQ,-1,1,,,,
∆(mexAB-oprM) ∆(mexCD-oprJ) ∆mexJKL ∆(mexHI-opmD) ∆opmH,WT,,,,1,,
tn::oprM,tn::PA14_16280,,,,1,,
tn::oprM,tn::PA14_16790,,,,1,,
tn::oprM,tn::PA14_18080,,,,1,,
tn::oprM,tn::PA14_38380,,,,1,,
tn::oprD,WT,,,,1,,
tn::oprL,WT,,,,1,,
tn::oprF,WT,,,,1,,
tn::oprG,WT,,,,1,,
tn::PA14_14910,WT,,,,1,,
tn::PA14_51260,WT,,,,1,,
tn::mexA,WT,,,,1,,
tn::mexB,WT,,,,1,,
tn::mexT,WT,,,,1,,
tn::mexI,WT,,,,1,,
tn::mexD,WT,,,,1,,
tn::mexC,WT,,,,1,,
tn::mexE,WT,,,,1,,
tn::mexF,WT,,,,1,,
tn::mexH,WT,,,,1,,
tn::PA14_18780,WT,,,,1,,
∆exsA,∆exsD,,,1,,,
∆PA103_4856,∆exsD,,,1,,,
∆PA103_4856,WT,,,1,,,
WT,∆PA103_4856,,,-1,,,
WT,tn::PA14_0070,,,,,-1,
tn::algU,WT,,,,,1,
tn::pelA,WT,,,,,,1
tn::PA14_61200,WT,,,,,,1
∆pel,WT,,,,,,1
∆psl,WT,,,,,,1
∆pel ∆psl,WT,,,,,,1
tn::mucB,WT,,,,,,
tn::mucD,WT,,,,,,
∆fliC,WT,1,-1,,,,
∆fliC tetR,WT,1,-1,,,,
∆pilA,WT,-1,1,,,,