plate	well	depth	expt	round	sample	phage_library	notes	ID
1	A1	1.0	027e	R2i	A1	Synthetic		01-A1
1	A3	1.0	027e	R2i	A3	Synthetic		01-A3
1	A4	1.0	027e	R2i	A4	Synthetic		01-A4
1	A10	1.0	027e	R2i	A10	Synthetic		01-A10
1	A11	1.0	027e	R2i	A11	Synthetic		01-A11
1	A12	1.0	027e	R2i	A12	Synthetic		01-A12
1	B1	1.0	027e	R2i	B1	Synthetic		01-B1
1	B2	1.0	027e	R2i	B2	Synthetic		01-B2
1	B3	1.0	027e	R2i	B3	Synthetic		01-B3
1	B4	1.0	027e	R2i	B4	Synthetic		01-B4
1	B5	1.0	027e	R2i	B5	Synthetic		01-B5
1	B6	1.0	027e	R2i	B6	Synthetic		01-B6
1	B7	1.0	027e	R2i	B7	Synthetic		01-B7
1	B8	1.0	027e	R2i	B8	Synthetic		01-B8
1	B9	1.0	027e	R2i	B9	Synthetic		01-B9
1	B10	1.0	027e	R2i	B10	Synthetic		01-B10
1	B11	1.0	027e	R2i	B11	Synthetic		01-B11
1	B12	1.0	027e	R2i	B12	Synthetic		01-B12
1	C1	1.0	027e	R2i	C1	Synthetic		01-C1
1	C2	1.0	027e	R2i	C2	Synthetic		01-C2
1	C3	1.0	027e	R2i	C3	Synthetic		01-C3
1	C4	1.0	027e	R2i	C4	Synthetic		01-C4
1	C5	1.0	027e	R2i	C5	Synthetic		01-C5
1	C6	1.0	027e	R2i	C6	Synthetic		01-C6
1	C7	1.0	027e	R2i	C7	Synthetic		01-C7
1	C8	1.0	027e	R2i	C8	Synthetic		01-C8
1	C9	1.0	027e	R2i	C9	Synthetic		01-C9
1	C10	1.0	027e	R2i	C10	Synthetic		01-C10
1	C11	1.0	027e	R2i	C11	Synthetic		01-C11
1	C12	1.0	027e	R2i	C12	Synthetic		01-C12
1	D1	1.0	027e	R2i	D1	Synthetic		01-D1
1	D2	1.0	027e	R2i	D2	Synthetic		01-D2
1	D3	1.0	027e	R2i	D3	Synthetic		01-D3
1	D4	1.0	027e	R2i	D4	Synthetic		01-D4
1	D6	1.0	027e	R2i	D6	Synthetic		01-D6
1	D7	1.0	027e	R2i	D7	Synthetic		01-D7
1	D8	1.0	027e	R2i	D8	Synthetic		01-D8
1	D9	1.0	027e	R2i	D9	Synthetic		01-D9
1	D10	1.0	027e	R2i	D10	Synthetic		01-D10
1	D11	1.0	027e	R2i	D11	Synthetic		01-D11
1	D12	1.0	027e	R2i	D12	Synthetic		01-D12
1	E1	1.0	027e	R2i	E1	Synthetic		01-E1
1	E2	1.0	027e	R2i	E2	Synthetic		01-E2
1	E3	1.0	027e	R2i	E3	Synthetic		01-E3
1	E4	1.0	027e	R2i	E4	Synthetic		01-E4
1	E5	1.0	027e	R2i	E5	Synthetic		01-E5
1	E6	1.0	027e	R2i	E6	Synthetic		01-E6
1	E7	1.0	027e	R2i	E7	Synthetic		01-E7
1	E8	1.0	027e	R2i	E8	Synthetic		01-E8
1	E9	1.0	027e	R2i	E9	Synthetic		01-E9
1	E10	1.0	027e	R2i	E10	Synthetic		01-E10
1	E11	1.0	027e	R2i	E11	Synthetic		01-E11
1	E12	1.0	027e	R2i	E12	Synthetic		01-E12
1	F1	1.0	027e	R2i	F1	Synthetic		01-F1
1	F2	1.0	027e	R2i	F2	Synthetic		01-F2
1	F3	1.0	027e	R2i	F3	Synthetic		01-F3
1	F4	1.0	027e	R2i	F4	Synthetic		01-F4
1	F5	1.0	027e	R2i	F5	Synthetic		01-F5
1	F6	1.0	027e	R2i	F6	Synthetic		01-F6
1	F7	1.0	027e	R2i	F7	Synthetic		01-F7
1	F8	1.0	027e	R2i	F8	Synthetic		01-F8
1	F10	1.0	027e	R2i	F10	Synthetic		01-F10
1	F11	1.0	027e	R2i	F11	Synthetic		01-F11
1	F12	1.0	027e	R2i	F12	Synthetic		01-F12
1	G1	1.0	027e	R2i	G1	Synthetic		01-G1
1	G2	1.0	027e	R2i	G2	Synthetic		01-G2
1	G3	1.0	027e	R2i	G3	Synthetic		01-G3
1	G4	1.0	027e	R2i	G4	Synthetic		01-G4
1	G5	1.0	027e	R2i	G5	Synthetic		01-G5
1	G6	1.0	027e	R2i	G6	Synthetic		01-G6
1	G7	1.0	027e	R2i	G7	Synthetic		01-G7
1	G8	1.0	027e	R2i	G8	Synthetic		01-G8
1	G9	1.0	027e	R2i	G9	Synthetic		01-G9
1	G10	1.0	027e	R2i	G10	Synthetic		01-G10
1	G11	1.0	027e	R2i	G11	Synthetic		01-G11
1	G12	1.0	027e	R2i	G12	Synthetic		01-G12
1	H1	1.0	027e	R2i	H1	Synthetic		01-H1
1	H3	1.0	027e	R2i	H3	Synthetic		01-H3
1	H4	1.0	027e	R2i	H4	Synthetic		01-H4
1	H5	1.0	027e	R2i	H5	Synthetic		01-H5
1	H6	1.0	027e	R2i	H6	Synthetic		01-H6
1	H7	1.0	027e	R2i	H7	Synthetic		01-H7
1	H8	1.0	027e	R2i	H8	Synthetic		01-H8
1	H9	1.0	027e	R2i	H9	Synthetic		01-H9
1	H10	1.0	027e	R2i	H10	Synthetic		01-H10
1	H11	1.0	027e	R2i	H11	Synthetic		01-H11
1	H12	1.0	027e	R2i	H12	Synthetic		01-H12
2	A1	1.0	027e	R3i	A1	Synthetic		02-A1
2	A2	1.0	027e	R3i	A2	Synthetic		02-A2
2	A3	1.0	027e	R3i	A3	Synthetic		02-A3
2	A4	1.0	027e	R3i	A4	Synthetic		02-A4
2	A5	1.0	027e	R3i	A5	Synthetic		02-A5
2	A6	1.0	027e	R3i	A6	Synthetic		02-A6
2	A7	1.0	027e	R3i	A7	Synthetic		02-A7
2	A8	1.0	027e	R3i	A8	Synthetic		02-A8
2	A9	1.0	027e	R3i	A9	Synthetic		02-A9
2	A10	1.0	027e	R3i	A10	Synthetic		02-A10
2	A11	1.0	027e	R3i	A11	Synthetic		02-A11
2	A12	1.0	027e	R3i	A12	Synthetic		02-A12
2	B1	1.0	027e	R3i	B1	Synthetic		02-B1
2	B2	1.0	027e	R3i	B2	Synthetic		02-B2
2	B3	1.0	027e	R3i	B3	Synthetic		02-B3
2	B4	1.0	027e	R3i	B4	Synthetic		02-B4
2	B5	1.0	027e	R3i	B5	Synthetic		02-B5
2	B6	1.0	027e	R3i	B6	Synthetic		02-B6
2	B7	1.0	027e	R3i	B7	Synthetic		02-B7
2	B8	1.0	027e	R3i	B8	Synthetic		02-B8
2	B9	1.0	027e	R3i	B9	Synthetic		02-B9
2	B10	1.0	027e	R3i	B10	Synthetic		02-B10
2	B11	1.0	027e	R3i	B11	Synthetic		02-B11
2	B12	1.0	027e	R3i	B12	Synthetic		02-B12
2	C1	1.0	027e	R3i	C1	Synthetic		02-C1
2	C2	1.0	027e	R3i	C2	Synthetic		02-C2
2	C3	1.0	027e	R3i	C3	Synthetic		02-C3
2	C4	1.0	027e	R3i	C4	Synthetic		02-C4
2	C5	1.0	027e	R3i	C5	Synthetic		02-C5
2	C6	1.0	027e	R3i	C6	Synthetic		02-C6
2	C7	1.0	027e	R3i	C7	Synthetic		02-C7
2	C8	1.0	027e	R3i	C8	Synthetic		02-C8
2	C9	1.0	027e	R3i	C9	Synthetic		02-C9
2	C10	1.0	027e	R3i	C10	Synthetic		02-C10
2	C11	1.0	027e	R3i	C11	Synthetic		02-C11
2	C12	1.0	027e	R3i	C12	Synthetic		02-C12
2	D1	1.0	027e	R3i	D1	Synthetic		02-D1
2	D2	1.0	027e	R3i	D2	Synthetic		02-D2
2	D3	1.0	027e	R3i	D3	Synthetic		02-D3
2	D4	1.0	027e	R3i	D4	Synthetic		02-D4
2	D5	1.0	027e	R3i	D5	Synthetic		02-D5
2	D6	1.0	027e	R3i	D6	Synthetic		02-D6
2	D7	1.0	027e	R3i	D7	Synthetic		02-D7
2	D8	1.0	027e	R3i	D8	Synthetic		02-D8
2	D9	1.0	027e	R3i	D9	Synthetic		02-D9
2	D10	1.0	027e	R3i	D10	Synthetic		02-D10
2	D11	1.0	027e	R3i	D11	Synthetic		02-D11
2	D12	1.0	027e	R3i	D12	Synthetic		02-D12
2	E1	1.0	027e	R3i	E1	Synthetic		02-E1
2	E2	1.0	027e	R3i	E2	Synthetic		02-E2
2	E3	1.0	027e	R3i	E3	Synthetic		02-E3
2	E4	1.0	027e	R3i	E4	Synthetic		02-E4
2	E5	1.0	027e	R3i	E5	Synthetic		02-E5
2	E6	1.0	027e	R3i	E6	Synthetic		02-E6
2	E7	1.0	027e	R3i	E7	Synthetic		02-E7
2	E8	1.0	027e	R3i	E8	Synthetic		02-E8
2	E9	1.0	027e	R3i	E9	Synthetic		02-E9
2	E10	1.0	027e	R3i	E10	Synthetic		02-E10
2	E11	1.0	027e	R3i	E11	Synthetic		02-E11
2	E12	1.0	027e	R3i	E12	Synthetic		02-E12
2	F1	1.0	027e	R3i	F1	Synthetic		02-F1
2	F2	1.0	027e	R3i	F2	Synthetic		02-F2
2	F3	1.0	027e	R3i	F3	Synthetic		02-F3
2	F4	1.0	027e	R3i	F4	Synthetic		02-F4
2	F5	1.0	027e	R3i	F5	Synthetic		02-F5
2	F6	1.0	027e	R3i	F6	Synthetic		02-F6
2	F7	1.0	027e	R3i	F7	Synthetic		02-F7
2	F8	1.0	027e	R3i	F8	Synthetic		02-F8
2	F9	1.0	027e	R3i	F9	Synthetic		02-F9
2	F10	1.0	027e	R3i	F10	Synthetic		02-F10
2	F11	1.0	027e	R3i	F11	Synthetic		02-F11
2	F12	1.0	027e	R3i	F12	Synthetic		02-F12
2	G1	1.0	027e	R3i	G1	Synthetic		02-G1
2	G2	1.0	027e	R3i	G2	Synthetic		02-G2
2	G3	1.0	027e	R3i	G3	Synthetic		02-G3
2	G4	1.0	027e	R3i	G4	Synthetic		02-G4
2	G5	1.0	027e	R3i	G5	Synthetic		02-G5
2	G6	1.0	027e	R3i	G6	Synthetic		02-G6
2	G7	1.0	027e	R3i	G7	Synthetic		02-G7
2	G8	1.0	027e	R3i	G8	Synthetic		02-G8
2	G9	1.0	027e	R3i	G9	Synthetic		02-G9
2	G10	1.0	027e	R3i	G10	Synthetic		02-G10
2	G11	1.0	027e	R3i	G11	Synthetic		02-G11
2	G12	1.0	027e	R3i	G12	Synthetic		02-G12
2	H1	1.0	027e	R3i	H1	Synthetic		02-H1
2	H2	1.0	027e	R3i	H2	Synthetic		02-H2
2	H3	1.0	027e	R3i	H3	Synthetic		02-H3
2	H4	1.0	027e	R3i	H4	Synthetic		02-H4
2	H5	1.0	027e	R3i	H5	Synthetic		02-H5
2	H6	1.0	027e	R3i	H6	Synthetic		02-H6
2	H7	1.0	027e	R3i	H7	Synthetic		02-H7
2	H8	1.0	027e	R3i	H8	Synthetic		02-H8
2	H9	1.0	027e	R3i	H9	Synthetic		02-H9
2	H10	1.0	027e	R3i	H10	Synthetic		02-H10
2	H11	1.0	027e	R3i	H11	Synthetic		02-H11
2	H12	1.0	027e	R3i	H12	Synthetic		02-H12
3	A1	1.0	027e	R4i	A1	Synthetic		03-A1
3	A2	1.0	027e	R4i	A2	Synthetic		03-A2
3	A3	1.0	027e	R4i	A3	Synthetic		03-A3
3	A4	1.0	027e	R4i	A4	Synthetic		03-A4
3	A5	1.0	027e	R4i	A5	Synthetic		03-A5
3	A6	1.0	027e	R4i	A6	Synthetic		03-A6
3	A7	1.0	027e	R4i	A7	Synthetic		03-A7
3	A8	1.0	027e	R4i	A8	Synthetic		03-A8
3	A9	1.0	027e	R4i	A9	Synthetic		03-A9
3	A10	1.0	027e	R4i	A10	Synthetic		03-A10
3	A11	1.0	027e	R4i	A11	Synthetic		03-A11
3	A12	1.0	027e	R4i	A12	Synthetic		03-A12
3	B1	1.0	027e	R4i	B1	Synthetic		03-B1
3	B2	1.0	027e	R4i	B2	Synthetic		03-B2
3	B3	1.0	027e	R4i	B3	Synthetic		03-B3
3	B4	1.0	027e	R4i	B4	Synthetic		03-B4
3	B5	1.0	027e	R4i	B5	Synthetic		03-B5
3	B6	1.0	027e	R4i	B6	Synthetic		03-B6
3	B7	1.0	027e	R4i	B7	Synthetic		03-B7
3	B8	1.0	027e	R4i	B8	Synthetic		03-B8
3	B9	1.0	027e	R4i	B9	Synthetic		03-B9
3	B11	1.0	027e	R4i	B11	Synthetic		03-B11
3	B12	1.0	027e	R4i	B12	Synthetic		03-B12
3	C1	1.0	027e	R4i	C1	Synthetic		03-C1
3	C2	1.0	027e	R4i	C2	Synthetic		03-C2
3	C3	1.0	027e	R4i	C3	Synthetic		03-C3
3	C4	1.0	027e	R4i	C4	Synthetic		03-C4
3	C5	1.0	027e	R4i	C5	Synthetic		03-C5
3	C6	1.0	027e	R4i	C6	Synthetic		03-C6
3	C7	1.0	027e	R4i	C7	Synthetic		03-C7
3	C9	1.0	027e	R4i	C9	Synthetic		03-C9
3	C10	1.0	027e	R4i	C10	Synthetic		03-C10
3	C11	1.0	027e	R4i	C11	Synthetic		03-C11
3	C12	1.0	027e	R4i	C12	Synthetic		03-C12
3	D1	1.0	027e	R4i	D1	Synthetic		03-D1
3	D2	1.0	027e	R4i	D2	Synthetic		03-D2
3	D3	1.0	027e	R4i	D3	Synthetic		03-D3
3	D4	1.0	027e	R4i	D4	Synthetic		03-D4
3	D5	1.0	027e	R4i	D5	Synthetic		03-D5
3	D6	1.0	027e	R4i	D6	Synthetic		03-D6
3	D7	1.0	027e	R4i	D7	Synthetic		03-D7
3	D8	1.0	027e	R4i	D8	Synthetic		03-D8
3	D9	1.0	027e	R4i	D9	Synthetic		03-D9
3	D10	1.0	027e	R4i	D10	Synthetic		03-D10
3	D11	1.0	027e	R4i	D11	Synthetic		03-D11
3	D12	1.0	027e	R4i	D12	Synthetic		03-D12
3	E1	1.0	027e	R4i	E1	Synthetic		03-E1
3	E2	1.0	027e	R4i	E2	Synthetic		03-E2
3	E3	1.0	027e	R4i	E3	Synthetic		03-E3
3	E4	1.0	027e	R4i	E4	Synthetic		03-E4
3	E5	1.0	027e	R4i	E5	Synthetic		03-E5
3	E6	1.0	027e	R4i	E6	Synthetic		03-E6
3	E7	1.0	027e	R4i	E7	Synthetic		03-E7
3	E8	1.0	027e	R4i	E8	Synthetic		03-E8
3	E9	1.0	027e	R4i	E9	Synthetic		03-E9
3	E10	1.0	027e	R4i	E10	Synthetic		03-E10
3	E11	1.0	027e	R4i	E11	Synthetic		03-E11
3	E12	1.0	027e	R4i	E12	Synthetic		03-E12
3	F1	1.0	027e	R4i	F1	Synthetic		03-F1
3	F2	1.0	027e	R4i	F2	Synthetic		03-F2
3	F3	1.0	027e	R4i	F3	Synthetic		03-F3
3	F4	1.0	027e	R4i	F4	Synthetic		03-F4
3	F5	1.0	027e	R4i	F5	Synthetic		03-F5
3	F6	1.0	027e	R4i	F6	Synthetic		03-F6
3	F7	1.0	027e	R4i	F7	Synthetic		03-F7
3	F8	1.0	027e	R4i	F8	Synthetic		03-F8
3	F9	1.0	027e	R4i	F9	Synthetic		03-F9
3	F10	1.0	027e	R4i	F10	Synthetic		03-F10
3	F11	1.0	027e	R4i	F11	Synthetic		03-F11
3	F12	1.0	027e	R4i	F12	Synthetic		03-F12
3	G1	1.0	027e	R4i	G1	Synthetic		03-G1
3	G2	1.0	027e	R4i	G2	Synthetic		03-G2
3	G3	1.0	027e	R4i	G3	Synthetic		03-G3
3	G4	1.0	027e	R4i	G4	Synthetic		03-G4
3	G5	1.0	027e	R4i	G5	Synthetic		03-G5
3	G6	1.0	027e	R4i	G6	Synthetic		03-G6
3	G7	1.0	027e	R4i	G7	Synthetic		03-G7
3	G8	1.0	027e	R4i	G8	Synthetic		03-G8
3	G9	1.0	027e	R4i	G9	Synthetic		03-G9
3	G10	1.0	027e	R4i	G10	Synthetic		03-G10
3	G11	1.0	027e	R4i	G11	Synthetic		03-G11
3	G12	1.0	027e	R4i	G12	Synthetic		03-G12
3	H2	1.0	027e	R4i	H2	Synthetic		03-H2
3	H3	1.0	027e	R4i	H3	Synthetic		03-H3
3	H4	1.0	027e	R4i	H4	Synthetic		03-H4
3	H5	1.0	027e	R4i	H5	Synthetic		03-H5
3	H6	1.0	027e	R4i	H6	Synthetic		03-H6
3	H7	1.0	027e	R4i	H7	Synthetic		03-H7
3	H8	1.0	027e	R4i	H8	Synthetic		03-H8
3	H9	1.0	027e	R4i	H9	Synthetic		03-H9
3	H10	1.0	027e	R4i	H10	Synthetic		03-H10
3	H11	1.0	027e	R4i	H11	Synthetic		03-H11
3	H12	1.0	027e	R4i	H12	Synthetic		03-H12
4	A1	1.0	024e_pooled	R5i	7_A1	Alpaca	cell-based pooled tube panning, arrayed	04-A1
4	A2	1.0	024e_pooled	R5i	7_A2	Alpaca		04-A2
4	A3	1.0	024e_pooled	R5i	7_A3	Alpaca		04-A3
4	A4	1.0	024e_pooled	R5i	7_A4	Alpaca		04-A4
4	A5	1.0	024e_pooled	R5i	7_A5	Alpaca		04-A5
4	A6	1.0	024e_pooled	R5i	7_A6	Alpaca		04-A6
4	A7	1.0	024e_pooled	R5i	7_A7	Alpaca		04-A7
4	A8	1.0	024e_pooled	R5i	7_A8	Alpaca		04-A8
4	A9	1.0	024e_pooled	R5i	7_A9	Alpaca		04-A9
4	A10	1.0	024e_pooled	R5i	7_A10	Alpaca		04-A10
4	A11	1.0	024e_pooled	R5i	7_A11	Alpaca		04-A11
4	A12	1.0	024e_pooled	R5i	7_A12	Alpaca		04-A12
4	B2	1.0	024e_pooled	R5i	7_B2	Alpaca		04-B2
4	B3	1.0	024e_pooled	R5i	7_B3	Alpaca		04-B3
4	B4	1.0	024e_pooled	R5i	7_B4	Alpaca		04-B4
4	B5	1.0	024e_pooled	R5i	7_B5	Alpaca		04-B5
4	B6	1.0	024e_pooled	R5i	7_B6	Alpaca		04-B6
4	B7	1.0	024e_pooled	R5i	7_B7	Alpaca		04-B7
4	B8	1.0	024e_pooled	R5i	7_B8	Alpaca		04-B8
4	B9	1.0	024e_pooled	R5i	7_B9	Alpaca		04-B9
4	B10	1.0	024e_pooled	R5i	7_B10	Alpaca		04-B10
4	B11	1.0	024e_pooled	R5i	7_B11	Alpaca		04-B11
4	B12	1.0	024e_pooled	R5i	7_B12	Alpaca		04-B12
4	C1	1.0	024e_pooled	R5i	7_C1	Alpaca		04-C1
4	C2	1.0	024e_pooled	R5i	7_C2	Alpaca		04-C2
4	C3	1.0	024e_pooled	R5i	7_C3	Alpaca		04-C3
4	C4	1.0	024e_pooled	R5i	7_C4	Alpaca		04-C4
4	C5	1.0	024e_pooled	R5i	7_C5	Alpaca		04-C5
4	C6	1.0	024e_pooled	R5i	7_C6	Alpaca		04-C6
4	C7	1.0	024e_pooled	R5i	7_C7	Alpaca		04-C7
4	C8	1.0	024e_pooled	R5i	7_C8	Alpaca		04-C8
4	C9	1.0	024e_pooled	R5i	7_C9	Alpaca		04-C9
4	C10	1.0	024e_pooled	R5i	7_C10	Alpaca		04-C10
4	C11	1.0	024e_pooled	R5i	7_C11	Alpaca		04-C11
4	C12	1.0	024e_pooled	R5i	7_C12	Alpaca		04-C12
4	D1	1.0	024e_pooled	R5i	7_D1	Alpaca		04-D1
4	D2	1.0	024e_pooled	R5i	7_D2	Alpaca		04-D2
4	D3	1.0	024e_pooled	R5i	7_D3	Alpaca		04-D3
4	D4	1.0	024e_pooled	R5i	7_D4	Alpaca		04-D4
4	D5	1.0	024e_pooled	R5i	7_D5	Alpaca		04-D5
4	D6	1.0	024e_pooled	R5i	7_D6	Alpaca		04-D6
4	D7	1.0	024e_pooled	R5i	7_D7	Alpaca		04-D7
4	D8	1.0	024e_pooled	R5i	7_D8	Alpaca		04-D8
4	D9	1.0	024e_pooled	R5i	7_D9	Alpaca		04-D9
4	D10	1.0	024e_pooled	R5i	7_D10	Alpaca		04-D10
4	D11	1.0	024e_pooled	R5i	7_D11	Alpaca		04-D11
4	D12	1.0	024e_pooled	R5i	7_D12	Alpaca		04-D12
4	E1	1.0	024e_pooled	R5i	7_E1	Alpaca		04-E1
4	E2	1.0	024e_pooled	R5i	7_E2	Alpaca		04-E2
4	E3	1.0	024e_pooled	R5i	7_E3	Alpaca		04-E3
4	E4	1.0	024e_pooled	R5i	7_E4	Alpaca		04-E4
4	E5	1.0	024e_pooled	R5i	7_E5	Alpaca		04-E5
4	E6	1.0	024e_pooled	R5i	7_E6	Alpaca		04-E6
4	E7	1.0	024e_pooled	R5i	7_E7	Alpaca		04-E7
4	E8	1.0	024e_pooled	R5i	7_E8	Alpaca		04-E8
4	E9	1.0	024e_pooled	R5i	7_E9	Alpaca		04-E9
4	E10	1.0	024e_pooled	R5i	7_E10	Alpaca		04-E10
4	E11	1.0	024e_pooled	R5i	7_E11	Alpaca		04-E11
4	E12	1.0	024e_pooled	R5i	7_E12	Alpaca		04-E12
4	F1	1.0	024e_pooled	R5i	7_F1	Alpaca		04-F1
4	F2	1.0	024e_pooled	R5i	7_F2	Alpaca		04-F2
4	F3	1.0	024e_pooled	R5i	7_F3	Alpaca		04-F3
4	F4	1.0	024e_pooled	R5i	7_F4	Alpaca		04-F4
4	F5	1.0	024e_pooled	R5i	7_F5	Alpaca		04-F5
4	F6	1.0	024e_pooled	R5i	7_F6	Alpaca		04-F6
4	F7	1.0	024e_pooled	R5i	7_F7	Alpaca		04-F7
4	F8	1.0	024e_pooled	R5i	7_F8	Alpaca		04-F8
4	F9	1.0	024e_pooled	R5i	7_F9	Alpaca		04-F9
4	F10	1.0	024e_pooled	R5i	7_F10	Alpaca		04-F10
4	F11	1.0	024e_pooled	R5i	7_F11	Alpaca		04-F11
4	F12	1.0	024e_pooled	R5i	7_F12	Alpaca		04-F12
4	G1	1.0	024e_pooled	R5i	7_G1	Alpaca		04-G1
4	G2	1.0	024e_pooled	R5i	7_G2	Alpaca		04-G2
4	G3	1.0	024e_pooled	R5i	7_G3	Alpaca		04-G3
4	G4	1.0	024e_pooled	R5i	7_G4	Alpaca		04-G4
4	G5	1.0	024e_pooled	R5i	7_G5	Alpaca		04-G5
4	G6	1.0	024e_pooled	R5i	7_G6	Alpaca		04-G6
4	G7	1.0	024e_pooled	R5i	7_G7	Alpaca		04-G7
4	G8	1.0	024e_pooled	R5i	7_G8	Alpaca		04-G8
4	G9	1.0	024e_pooled	R5i	7_G9	Alpaca		04-G9
4	G10	1.0	024e_pooled	R5i	7_G10	Alpaca		04-G10
4	G11	1.0	024e_pooled	R5i	7_G11	Alpaca		04-G11
4	G12	1.0	024e_pooled	R5i	7_G12	Alpaca		04-G12
4	H2	1.0	024e_pooled	R5i	7_H2	Alpaca		04-H2
4	H3	1.0	024e_pooled	R5i	7_H3	Alpaca		04-H3
4	H4	1.0	024e_pooled	R5i	7_H4	Alpaca		04-H4
4	H5	1.0	024e_pooled	R5i	7_H5	Alpaca		04-H5
4	H6	1.0	024e_pooled	R5i	7_H6	Alpaca		04-H6
4	H7	1.0	024e_pooled	R5i	7_H7	Alpaca		04-H7
4	H9	1.0	024e_pooled	R5i	7_H9	Alpaca		04-H9
4	H10	1.0	024e_pooled	R5i	7_H10	Alpaca		04-H10
4	H11	1.0	024e_pooled	R5i	7_H11	Alpaca		04-H11
4	H12	1.0	024e_pooled	R5i	7_H12	Alpaca		04-H12
5	A1	1.0	024e_pooled	R5i	8_A1	Alpaca	cell-based pooled tube panning, arrayed	05-A1
5	A2	1.0	024e_pooled	R5i	8_A2	Alpaca		05-A2
5	A3	1.0	024e_pooled	R5i	8_A3	Alpaca		05-A3
5	A4	1.0	024e_pooled	R5i	8_A4	Alpaca		05-A4
5	A5	1.0	024e_pooled	R5i	8_A5	Alpaca		05-A5
5	A6	1.0	024e_pooled	R5i	8_A6	Alpaca		05-A6
5	A7	1.0	024e_pooled	R5i	8_A7	Alpaca		05-A7
5	A8	1.0	024e_pooled	R5i	8_A8	Alpaca		05-A8
5	A9	1.0	024e_pooled	R5i	8_A9	Alpaca		05-A9
5	A10	1.0	024e_pooled	R5i	8_A10	Alpaca		05-A10
5	A11	1.0	024e_pooled	R5i	8_A11	Alpaca		05-A11
5	A12	1.0	024e_pooled	R5i	8_A12	Alpaca		05-A12
5	B1	1.0	024e_pooled	R5i	8_B1	Alpaca		05-B1
5	B2	1.0	024e_pooled	R5i	8_B2	Alpaca		05-B2
5	B3	1.0	024e_pooled	R5i	8_B3	Alpaca		05-B3
5	B4	1.0	024e_pooled	R5i	8_B4	Alpaca		05-B4
5	B5	1.0	024e_pooled	R5i	8_B5	Alpaca		05-B5
5	B6	1.0	024e_pooled	R5i	8_B6	Alpaca		05-B6
5	B7	1.0	024e_pooled	R5i	8_B7	Alpaca		05-B7
5	B8	1.0	024e_pooled	R5i	8_B8	Alpaca		05-B8
5	B9	1.0	024e_pooled	R5i	8_B9	Alpaca		05-B9
5	B10	1.0	024e_pooled	R5i	8_B10	Alpaca		05-B10
5	B11	1.0	024e_pooled	R5i	8_B11	Alpaca		05-B11
5	B12	1.0	024e_pooled	R5i	8_B12	Alpaca		05-B12
5	C1	1.0	024e_pooled	R5i	8_C1	Alpaca		05-C1
5	C2	1.0	024e_pooled	R5i	8_C2	Alpaca		05-C2
5	C3	1.0	024e_pooled	R5i	8_C3	Alpaca		05-C3
5	C4	1.0	024e_pooled	R5i	8_C4	Alpaca		05-C4
5	C5	1.0	024e_pooled	R5i	8_C5	Alpaca		05-C5
5	C6	1.0	024e_pooled	R5i	8_C6	Alpaca		05-C6
5	C7	1.0	024e_pooled	R5i	8_C7	Alpaca		05-C7
5	C8	1.0	024e_pooled	R5i	8_C8	Alpaca		05-C8
5	C9	1.0	024e_pooled	R5i	8_C9	Alpaca		05-C9
5	C10	1.0	024e_pooled	R5i	8_C10	Alpaca		05-C10
5	C11	1.0	024e_pooled	R5i	8_C11	Alpaca		05-C11
5	C12	1.0	024e_pooled	R5i	8_C12	Alpaca		05-C12
5	D1	1.0	024e_pooled	R5i	8_D1	Alpaca		05-D1
5	D2	1.0	024e_pooled	R5i	8_D2	Alpaca		05-D2
5	D3	1.0	024e_pooled	R5i	8_D3	Alpaca		05-D3
5	D4	1.0	024e_pooled	R5i	8_D4	Alpaca		05-D4
5	D5	1.0	024e_pooled	R5i	8_D5	Alpaca		05-D5
5	D6	1.0	024e_pooled	R5i	8_D6	Alpaca		05-D6
5	D7	1.0	024e_pooled	R5i	8_D7	Alpaca		05-D7
5	D8	1.0	024e_pooled	R5i	8_D8	Alpaca		05-D8
5	D9	1.0	024e_pooled	R5i	8_D9	Alpaca		05-D9
5	D10	1.0	024e_pooled	R5i	8_D10	Alpaca		05-D10
5	D11	1.0	024e_pooled	R5i	8_D11	Alpaca		05-D11
5	D12	1.0	024e_pooled	R5i	8_D12	Alpaca		05-D12
5	E1	1.0	024e_pooled	R5i	8_E1	Alpaca		05-E1
5	E2	1.0	024e_pooled	R5i	8_E2	Alpaca		05-E2
5	E3	1.0	024e_pooled	R5i	8_E3	Alpaca		05-E3
5	E4	1.0	024e_pooled	R5i	8_E4	Alpaca		05-E4
5	E5	1.0	024e_pooled	R5i	8_E5	Alpaca		05-E5
5	E6	1.0	024e_pooled	R5i	8_E6	Alpaca		05-E6
5	E7	1.0	024e_pooled	R5i	8_E7	Alpaca		05-E7
5	E8	1.0	024e_pooled	R5i	8_E8	Alpaca		05-E8
5	E9	1.0	024e_pooled	R5i	8_E9	Alpaca		05-E9
5	E10	1.0	024e_pooled	R5i	8_E10	Alpaca		05-E10
5	E11	1.0	024e_pooled	R5i	8_E11	Alpaca		05-E11
5	E12	1.0	024e_pooled	R5i	8_E12	Alpaca		05-E12
5	F1	1.0	024e_pooled	R5i	8_F1	Alpaca		05-F1
5	F2	1.0	024e_pooled	R5i	8_F2	Alpaca		05-F2
5	F3	1.0	024e_pooled	R5i	8_F3	Alpaca		05-F3
5	F4	1.0	024e_pooled	R5i	8_F4	Alpaca		05-F4
5	F5	1.0	024e_pooled	R5i	8_F5	Alpaca		05-F5
5	F6	1.0	024e_pooled	R5i	8_F6	Alpaca		05-F6
5	F7	1.0	024e_pooled	R5i	8_F7	Alpaca		05-F7
5	F8	1.0	024e_pooled	R5i	8_F8	Alpaca		05-F8
5	F9	1.0	024e_pooled	R5i	8_F9	Alpaca		05-F9
5	F10	1.0	024e_pooled	R5i	8_F10	Alpaca		05-F10
5	F11	1.0	024e_pooled	R5i	8_F11	Alpaca		05-F11
5	F12	1.0	024e_pooled	R5i	8_F12	Alpaca		05-F12
5	G1	1.0	024e_pooled	R5i	8_G1	Alpaca		05-G1
5	G2	1.0	024e_pooled	R5i	8_G2	Alpaca		05-G2
5	G3	1.0	024e_pooled	R5i	8_G3	Alpaca		05-G3
5	G4	1.0	024e_pooled	R5i	8_G4	Alpaca		05-G4
5	G5	1.0	024e_pooled	R5i	8_G5	Alpaca		05-G5
5	G6	1.0	024e_pooled	R5i	8_G6	Alpaca		05-G6
5	G7	1.0	024e_pooled	R5i	8_G7	Alpaca		05-G7
5	G8	1.0	024e_pooled	R5i	8_G8	Alpaca		05-G8
5	G9	1.0	024e_pooled	R5i	8_G9	Alpaca		05-G9
5	G10	1.0	024e_pooled	R5i	8_G10	Alpaca		05-G10
5	G11	1.0	024e_pooled	R5i	8_G11	Alpaca		05-G11
5	G12	1.0	024e_pooled	R5i	8_G12	Alpaca		05-G12
5	H1	1.0	024e_pooled	R5i	8_H1	Alpaca		05-H1
5	H2	1.0	024e_pooled	R5i	8_H2	Alpaca		05-H2
5	H3	1.0	024e_pooled	R5i	8_H3	Alpaca		05-H3
5	H4	1.0	024e_pooled	R5i	8_H4	Alpaca		05-H4
5	H5	1.0	024e_pooled	R5i	8_H5	Alpaca		05-H5
5	H6	1.0	024e_pooled	R5i	8_H6	Alpaca		05-H6
5	H7	1.0	024e_pooled	R5i	8_H7	Alpaca		05-H7
5	H8	1.0	024e_pooled	R5i	8_H8	Alpaca		05-H8
5	H9	1.0	024e_pooled	R5i	8_H9	Alpaca		05-H9
5	H10	1.0	024e_pooled	R5i	8_H10	Alpaca		05-H10
5	H11	1.0	024e_pooled	R5i	8_H11	Alpaca		05-H11
5	H12	1.0	024e_pooled	R5i	8_H12	Alpaca		05-H12
6	A1	1.0	024e_pooled	R5i	15_A1	Synthetic		06-A1
6	A2	1.0	024e_pooled	R5i	15_A2	Synthetic		06-A2
6	A3	1.0	024e_pooled	R5i	15_A3	Synthetic		06-A3
6	A4	1.0	024e_pooled	R5i	15_A4	Synthetic		06-A4
6	A5	1.0	024e_pooled	R5i	15_A5	Synthetic		06-A5
6	A6	1.0	024e_pooled	R5i	15_A6	Synthetic		06-A6
6	A7	1.0	024e_pooled	R5i	15_A7	Synthetic		06-A7
6	A8	1.0	024e_pooled	R5i	15_A8	Synthetic		06-A8
6	A9	1.0	024e_pooled	R5i	15_A9	Synthetic		06-A9
6	A10	1.0	024e_pooled	R5i	15_A10	Synthetic		06-A10
6	A11	1.0	024e_pooled	R5i	15_A11	Synthetic		06-A11
6	A12	1.0	024e_pooled	R5i	15_A12	Synthetic		06-A12
6	B1	1.0	024e_pooled	R5i	15_B1	Synthetic		06-B1
6	B2	1.0	024e_pooled	R5i	15_B2	Synthetic		06-B2
6	B3	1.0	024e_pooled	R5i	15_B3	Synthetic		06-B3
6	B4	1.0	024e_pooled	R5i	15_B4	Synthetic		06-B4
6	B5	1.0	024e_pooled	R5i	15_B5	Synthetic		06-B5
6	B6	1.0	024e_pooled	R5i	15_B6	Synthetic		06-B6
6	B7	1.0	024e_pooled	R5i	15_B7	Synthetic		06-B7
6	B8	1.0	024e_pooled	R5i	15_B8	Synthetic		06-B8
6	B9	1.0	024e_pooled	R5i	15_B9	Synthetic		06-B9
6	B10	1.0	024e_pooled	R5i	15_B10	Synthetic		06-B10
6	B11	1.0	024e_pooled	R5i	15_B11	Synthetic		06-B11
6	B12	1.0	024e_pooled	R5i	15_B12	Synthetic		06-B12
6	C1	1.0	024e_pooled	R5i	15_C1	Synthetic		06-C1
6	C2	1.0	024e_pooled	R5i	15_C2	Synthetic		06-C2
6	C3	1.0	024e_pooled	R5i	15_C3	Synthetic		06-C3
6	C4	1.0	024e_pooled	R5i	15_C4	Synthetic		06-C4
6	C5	1.0	024e_pooled	R5i	15_C5	Synthetic		06-C5
6	C6	1.0	024e_pooled	R5i	15_C6	Synthetic		06-C6
6	C7	1.0	024e_pooled	R5i	15_C7	Synthetic		06-C7
6	C8	1.0	024e_pooled	R5i	15_C8	Synthetic		06-C8
6	C9	1.0	024e_pooled	R5i	15_C9	Synthetic		06-C9
6	C10	1.0	024e_pooled	R5i	15_C10	Synthetic		06-C10
6	C11	1.0	024e_pooled	R5i	15_C11	Synthetic		06-C11
6	C12	1.0	024e_pooled	R5i	15_C12	Synthetic		06-C12
6	D1	1.0	024e_pooled	R5i	15_D1	Synthetic		06-D1
6	D2	1.0	024e_pooled	R5i	15_D2	Synthetic		06-D2
6	D3	1.0	024e_pooled	R5i	15_D3	Synthetic		06-D3
6	D4	1.0	024e_pooled	R5i	15_D4	Synthetic		06-D4
6	D5	1.0	024e_pooled	R5i	15_D5	Synthetic		06-D5
6	D6	1.0	024e_pooled	R5i	15_D6	Synthetic		06-D6
6	D7	1.0	024e_pooled	R5i	15_D7	Synthetic		06-D7
6	D8	1.0	024e_pooled	R5i	15_D8	Synthetic		06-D8
6	D9	1.0	024e_pooled	R5i	15_D9	Synthetic		06-D9
6	D10	1.0	024e_pooled	R5i	15_D10	Synthetic		06-D10
6	D11	1.0	024e_pooled	R5i	15_D11	Synthetic		06-D11
6	D12	1.0	024e_pooled	R5i	15_D12	Synthetic		06-D12
6	E1	1.0	024e_pooled	R5i	15_E1	Synthetic		06-E1
6	E2	1.0	024e_pooled	R5i	15_E2	Synthetic		06-E2
6	E3	1.0	024e_pooled	R5i	15_E3	Synthetic		06-E3
6	E4	1.0	024e_pooled	R5i	15_E4	Synthetic		06-E4
6	E5	1.0	024e_pooled	R5i	15_E5	Synthetic		06-E5
6	E6	1.0	024e_pooled	R5i	15_E6	Synthetic		06-E6
6	E7	1.0	024e_pooled	R5i	15_E7	Synthetic		06-E7
6	E8	1.0	024e_pooled	R5i	15_E8	Synthetic		06-E8
6	E9	1.0	024e_pooled	R5i	15_E9	Synthetic		06-E9
6	E10	1.0	024e_pooled	R5i	15_E10	Synthetic		06-E10
6	E11	1.0	024e_pooled	R5i	15_E11	Synthetic		06-E11
6	E12	1.0	024e_pooled	R5i	15_E12	Synthetic		06-E12
6	F1	1.0	024e_pooled	R5i	15_F1	Synthetic		06-F1
6	F2	1.0	024e_pooled	R5i	15_F2	Synthetic		06-F2
6	F3	1.0	024e_pooled	R5i	15_F3	Synthetic		06-F3
6	F4	1.0	024e_pooled	R5i	15_F4	Synthetic		06-F4
6	F5	1.0	024e_pooled	R5i	15_F5	Synthetic		06-F5
6	F6	1.0	024e_pooled	R5i	15_F6	Synthetic		06-F6
6	F7	1.0	024e_pooled	R5i	15_F7	Synthetic		06-F7
6	F8	1.0	024e_pooled	R5i	15_F8	Synthetic		06-F8
6	F9	1.0	024e_pooled	R5i	15_F9	Synthetic		06-F9
6	F10	1.0	024e_pooled	R5i	15_F10	Synthetic		06-F10
6	F11	1.0	024e_pooled	R5i	15_F11	Synthetic		06-F11
6	F12	1.0	024e_pooled	R5i	15_F12	Synthetic		06-F12
6	G1	1.0	024e_pooled	R5i	15_G1	Synthetic		06-G1
6	G2	1.0	024e_pooled	R5i	15_G2	Synthetic		06-G2
6	G3	1.0	024e_pooled	R5i	15_G3	Synthetic		06-G3
6	G4	1.0	024e_pooled	R5i	15_G4	Synthetic		06-G4
6	G5	1.0	024e_pooled	R5i	15_G5	Synthetic		06-G5
6	G6	1.0	024e_pooled	R5i	15_G6	Synthetic		06-G6
6	G7	1.0	024e_pooled	R5i	15_G7	Synthetic		06-G7
6	G8	1.0	024e_pooled	R5i	15_G8	Synthetic		06-G8
6	G9	1.0	024e_pooled	R5i	15_G9	Synthetic		06-G9
6	G10	1.0	024e_pooled	R5i	15_G10	Synthetic		06-G10
6	G11	1.0	024e_pooled	R5i	15_G11	Synthetic		06-G11
6	G12	1.0	024e_pooled	R5i	15_G12	Synthetic		06-G12
6	H1	1.0	024e_pooled	R5i	15_H1	Synthetic		06-H1
6	H2	1.0	024e_pooled	R5i	15_H2	Synthetic		06-H2
6	H3	1.0	024e_pooled	R5i	15_H3	Synthetic		06-H3
6	H4	1.0	024e_pooled	R5i	15_H4	Synthetic		06-H4
6	H5	1.0	024e_pooled	R5i	15_H5	Synthetic		06-H5
6	H6	1.0	024e_pooled	R5i	15_H6	Synthetic		06-H6
6	H7	1.0	024e_pooled	R5i	15_H7	Synthetic		06-H7
6	H8	1.0	024e_pooled	R5i	15_H8	Synthetic		06-H8
6	H9	1.0	024e_pooled	R5i	15_H9	Synthetic		06-H9
6	H10	1.0	024e_pooled	R5i	15_H10	Synthetic		06-H10
6	H11	1.0	024e_pooled	R5i	15_H11	Synthetic		06-H11
7	A1	1.0	024e_pooled	R5i	16_A1	Synthetic		07-A1
7	A2	1.0	024e_pooled	R5i	16_A2	Synthetic		07-A2
7	A3	1.0	024e_pooled	R5i	16_A3	Synthetic		07-A3
7	A4	1.0	024e_pooled	R5i	16_A4	Synthetic		07-A4
7	A5	1.0	024e_pooled	R5i	16_A5	Synthetic		07-A5
7	A6	1.0	024e_pooled	R5i	16_A6	Synthetic		07-A6
7	A7	1.0	024e_pooled	R5i	16_A7	Synthetic		07-A7
7	A8	1.0	024e_pooled	R5i	16_A8	Synthetic		07-A8
7	A9	1.0	024e_pooled	R5i	16_A9	Synthetic		07-A9
7	A10	1.0	024e_pooled	R5i	16_A10	Synthetic		07-A10
7	A11	1.0	024e_pooled	R5i	16_A11	Synthetic		07-A11
7	A12	1.0	024e_pooled	R5i	16_A12	Synthetic		07-A12
7	B1	1.0	024e_pooled	R5i	16_B1	Synthetic		07-B1
7	B2	1.0	024e_pooled	R5i	16_B2	Synthetic		07-B2
7	B3	1.0	024e_pooled	R5i	16_B3	Synthetic		07-B3
7	B4	1.0	024e_pooled	R5i	16_B4	Synthetic		07-B4
7	B5	1.0	024e_pooled	R5i	16_B5	Synthetic		07-B5
7	B6	1.0	024e_pooled	R5i	16_B6	Synthetic		07-B6
7	B7	1.0	024e_pooled	R5i	16_B7	Synthetic		07-B7
7	B8	1.0	024e_pooled	R5i	16_B8	Synthetic		07-B8
7	B9	1.0	024e_pooled	R5i	16_B9	Synthetic		07-B9
7	B10	1.0	024e_pooled	R5i	16_B10	Synthetic		07-B10
7	B11	1.0	024e_pooled	R5i	16_B11	Synthetic		07-B11
7	B12	1.0	024e_pooled	R5i	16_B12	Synthetic		07-B12
7	C1	1.0	024e_pooled	R5i	16_C1	Synthetic		07-C1
7	C2	1.0	024e_pooled	R5i	16_C2	Synthetic		07-C2
7	C3	1.0	024e_pooled	R5i	16_C3	Synthetic		07-C3
7	C4	1.0	024e_pooled	R5i	16_C4	Synthetic		07-C4
7	C5	1.0	024e_pooled	R5i	16_C5	Synthetic		07-C5
7	C6	1.0	024e_pooled	R5i	16_C6	Synthetic		07-C6
7	C7	1.0	024e_pooled	R5i	16_C7	Synthetic		07-C7
7	C8	1.0	024e_pooled	R5i	16_C8	Synthetic		07-C8
7	C9	1.0	024e_pooled	R5i	16_C9	Synthetic		07-C9
7	C10	1.0	024e_pooled	R5i	16_C10	Synthetic		07-C10
7	C11	1.0	024e_pooled	R5i	16_C11	Synthetic		07-C11
7	D1	1.0	024e_pooled	R5i	16_D1	Synthetic		07-D1
7	D2	1.0	024e_pooled	R5i	16_D2	Synthetic		07-D2
7	D3	1.0	024e_pooled	R5i	16_D3	Synthetic		07-D3
7	D4	1.0	024e_pooled	R5i	16_D4	Synthetic		07-D4
7	D5	1.0	024e_pooled	R5i	16_D5	Synthetic		07-D5
7	D6	1.0	024e_pooled	R5i	16_D6	Synthetic		07-D6
7	D7	1.0	024e_pooled	R5i	16_D7	Synthetic		07-D7
7	D8	1.0	024e_pooled	R5i	16_D8	Synthetic		07-D8
7	D9	1.0	024e_pooled	R5i	16_D9	Synthetic		07-D9
7	D10	1.0	024e_pooled	R5i	16_D10	Synthetic		07-D10
7	D11	1.0	024e_pooled	R5i	16_D11	Synthetic		07-D11
7	D12	1.0	024e_pooled	R5i	16_D12	Synthetic		07-D12
7	E1	1.0	024e_pooled	R5i	16_E1	Synthetic		07-E1
7	E2	1.0	024e_pooled	R5i	16_E2	Synthetic		07-E2
7	E3	1.0	024e_pooled	R5i	16_E3	Synthetic		07-E3
7	E4	1.0	024e_pooled	R5i	16_E4	Synthetic		07-E4
7	E5	1.0	024e_pooled	R5i	16_E5	Synthetic		07-E5
7	E6	1.0	024e_pooled	R5i	16_E6	Synthetic		07-E6
7	E7	1.0	024e_pooled	R5i	16_E7	Synthetic		07-E7
7	E8	1.0	024e_pooled	R5i	16_E8	Synthetic		07-E8
7	E9	1.0	024e_pooled	R5i	16_E9	Synthetic		07-E9
7	E10	1.0	024e_pooled	R5i	16_E10	Synthetic		07-E10
7	E11	1.0	024e_pooled	R5i	16_E11	Synthetic		07-E11
7	E12	1.0	024e_pooled	R5i	16_E12	Synthetic		07-E12
7	F1	1.0	024e_pooled	R5i	16_F1	Synthetic		07-F1
7	F2	1.0	024e_pooled	R5i	16_F2	Synthetic		07-F2
7	F3	1.0	024e_pooled	R5i	16_F3	Synthetic		07-F3
7	F4	1.0	024e_pooled	R5i	16_F4	Synthetic		07-F4
7	F5	1.0	024e_pooled	R5i	16_F5	Synthetic		07-F5
7	F6	1.0	024e_pooled	R5i	16_F6	Synthetic		07-F6
7	F7	1.0	024e_pooled	R5i	16_F7	Synthetic		07-F7
7	F8	1.0	024e_pooled	R5i	16_F8	Synthetic		07-F8
7	F9	1.0	024e_pooled	R5i	16_F9	Synthetic		07-F9
7	F10	1.0	024e_pooled	R5i	16_F10	Synthetic		07-F10
7	F11	1.0	024e_pooled	R5i	16_F11	Synthetic		07-F11
7	F12	1.0	024e_pooled	R5i	16_F12	Synthetic		07-F12
7	G1	1.0	024e_pooled	R5i	16_G1	Synthetic		07-G1
7	G2	1.0	024e_pooled	R5i	16_G2	Synthetic		07-G2
7	G3	1.0	024e_pooled	R5i	16_G3	Synthetic		07-G3
7	G4	1.0	024e_pooled	R5i	16_G4	Synthetic		07-G4
7	G5	1.0	024e_pooled	R5i	16_G5	Synthetic		07-G5
7	G6	1.0	024e_pooled	R5i	16_G6	Synthetic		07-G6
7	G7	1.0	024e_pooled	R5i	16_G7	Synthetic		07-G7
7	G8	1.0	024e_pooled	R5i	16_G8	Synthetic		07-G8
7	G9	1.0	024e_pooled	R5i	16_G9	Synthetic		07-G9
7	G10	1.0	024e_pooled	R5i	16_G10	Synthetic		07-G10
7	G11	1.0	024e_pooled	R5i	16_G11	Synthetic		07-G11
7	G12	1.0	024e_pooled	R5i	16_G12	Synthetic		07-G12
7	H1	1.0	024e_pooled	R5i	16_H1	Synthetic		07-H1
7	H2	1.0	024e_pooled	R5i	16_H2	Synthetic		07-H2
7	H3	1.0	024e_pooled	R5i	16_H3	Synthetic		07-H3
7	H4	1.0	024e_pooled	R5i	16_H4	Synthetic		07-H4
7	H5	1.0	024e_pooled	R5i	16_H5	Synthetic		07-H5
7	H6	1.0	024e_pooled	R5i	16_H6	Synthetic		07-H6
7	H7	1.0	024e_pooled	R5i	16_H7	Synthetic		07-H7
7	H8	1.0	024e_pooled	R5i	16_H8	Synthetic		07-H8
7	H9	1.0	024e_pooled	R5i	16_H9	Synthetic		07-H9
7	H10	1.0	024e_pooled	R5i	16_H10	Synthetic		07-H10
7	H11	1.0	024e_pooled	R5i	16_H11	Synthetic		07-H11
7	H12	1.0	024e_pooled	R5i	16_H12	Synthetic		07-H12
8	A1	1.0	032h	R2i	1	Alpaca	solid-phase panning	08-A1
8	A2	1.0	032h	R2i	2	Alpaca		08-A2
8	A3	1.0	032h	R2i	3	Alpaca		08-A3
8	A4	1.0	032h	R2i	4	Alpaca		08-A4
8	A5	1.0	032h	R3i	1	Alpaca		08-A5
8	A6	1.0	032h	R3i	2	Alpaca		08-A6
8	A7	1.0	032h	R3i	3	Alpaca		08-A7
8	A8	1.0	032h	R3i	4	Alpaca		08-A8
8	A9	1.0	032h	R4i	1	Alpaca		08-A9
8	A10	1.0	032h	R4i	2	Alpaca		08-A10
8	A11	1.0	032h	R4i	3	Alpaca		08-A11
8	A12	1.0	032h	R4i	4	Alpaca		08-A12
8	B1	1.0	032h	R5i	1	Alpaca		08-B1
8	B2	1.0	032h	R5i	2	Alpaca		08-B2
8	B3	1.0	032h	R5i	3	Alpaca		08-B3
8	B4	1.0	032h	R5i	4	Alpaca		08-B4
8	B5	1.0	024e	R2i	1	Alpaca	cell-based tube panning	08-B5
8	B6	1.0	024e	R2i	2	Alpaca		08-B6
8	B7	1.0	024e	R2i	3	Alpaca		08-B7
8	B8	1.0	024e	R2i	4	Alpaca		08-B8
8	B9	1.0	024e	R2i	5	Alpaca		08-B9
8	B10	1.0	024e	R2i	6	Alpaca		08-B10
8	B11	1.0	024e	R3i	1	Alpaca		08-B11
8	B12	1.0	024e	R3i	2	Alpaca		08-B12
8	C1	1.0	024e	R3i	3	Alpaca		08-C1
8	C2	1.0	024e	R3i	4	Alpaca		08-C2
8	C3	1.0	024e	R3i	5	Alpaca		08-C3
8	C4	1.0	024e	R3i	6	Alpaca		08-C4
8	C5	1.0	024e	R4i	1	Alpaca		08-C5
8	C6	1.0	024e	R4i	2	Alpaca		08-C6
8	C7	1.0	024e	R4i	3	Alpaca		08-C7
8	C8	1.0	024e	R4i	4	Alpaca		08-C8
8	C10	1.0	024e	R4i	6	Alpaca		08-C10
8	C11	1.0	024e	R5i	1	Alpaca		08-C11
8	C12	1.0	024e	R5i	2	Alpaca		08-C12
8	D1	1.0	024e	R5i	3	Alpaca		08-D1
8	D2	1.0	024e	R5i	4	Alpaca		08-D2
8	D3	1.0	024e	R5i	5	Alpaca		08-D3
8	D4	1.0	024e	R5i	6	Alpaca		08-D4
8	D5	1.0	032h	R4i	1	Alpaca	solid-phase panning	08-D5
8	D6	1.0	032h	R4i	2	Alpaca		08-D6
8	D7	1.0	032h	R4i	3	Alpaca		08-D7
8	D8	1.0	032h	R4i	4	Alpaca		08-D8
8	D9	1.0	032h	R5i	1	Alpaca		08-D9
8	D10	1.0	032h	R5i	2	Alpaca		08-D10
8	D11	1.0	032h	R5i	3	Alpaca		08-D11
8	D12	1.0	032h	R5i	4	Alpaca		08-D12
8	E2	1.0	032k	R2i	6	Synthetic		08-E2
8	E3	1.0	032k	R2i	7	Synthetic		08-E3
8	E4	1.0	032k	R2i	8	Synthetic		08-E4
8	E6	1.0	032k	R3i	6	Synthetic		08-E6
8	E7	1.0	032k	R3i	7	Synthetic		08-E7
8	E8	1.0	032k	R3i	8	Synthetic		08-E8
8	E9	1.0	032k	R4i	5	Synthetic		08-E9
8	E10	1.0	032k	R4i	6	Synthetic		08-E10
8	E11	1.0	032k	R4i	7	Synthetic		08-E11
8	E12	1.0	032k	R4i	8	Synthetic		08-E12
8	F1	1.0	032k	R5i	5	Synthetic		08-F1
8	F2	1.0	032k	R5i	6	Synthetic		08-F2
8	F3	1.0	032k	R5i	7	Synthetic		08-F3
8	F4	1.0	032k	R5i	8	Synthetic		08-F4
8	F5	1.0	024e	R2i	9	Synthetic	cell-based tube panning	08-F5
8	F6	1.0	024e	R2i	10	Synthetic		08-F6
8	F7	1.0	024e	R2i	11	Synthetic		08-F7
8	F8	1.0	024e	R2i	12	Synthetic		08-F8
8	F9	1.0	024e	R2i	13	Synthetic		08-F9
8	F10	1.0	024e	R2i	14	Synthetic		08-F10
8	F11	1.0	024e	R3i	9	Synthetic		08-F11
8	F12	1.0	024e	R3i	10	Synthetic		08-F12
8	G1	1.0	024e	R3i	11	Synthetic		08-G1
8	G2	1.0	024e	R3i	12	Synthetic		08-G2
8	G3	1.0	024e	R3i	13	Synthetic		08-G3
8	G4	1.0	024e	R3i	14	Synthetic		08-G4
8	G5	1.0	024e	R4i	9	Synthetic		08-G5
8	G6	1.0	024e	R4i	10	Synthetic		08-G6
8	G7	1.0	024e	R4i	11	Synthetic		08-G7
8	G8	1.0	024e	R4i	12	Synthetic		08-G8
8	G9	1.0	024e	R4i	13	Synthetic		08-G9
8	G10	1.0	024e	R4i	14	Synthetic		08-G10
8	G11	1.0	024e	R5i	9	Synthetic		08-G11
8	G12	1.0	024e	R5i	10	Synthetic		08-G12
8	H1	1.0	024e	R5i	11	Synthetic		08-H1
8	H2	1.0	024e	R5i	12	Synthetic		08-H2
8	H3	1.0	024e	R5i	13	Synthetic		08-H3
8	H4	1.0	024e	R5i	14	Synthetic		08-H4
8	H5	1.0	032k	R4i	5-	Synthetic	solid-phase panning	08-H5
8	H6	1.0	032k	R4i	6-	Synthetic		08-H6
8	H7	1.0	032k	R4i	7-	Synthetic		08-H7
8	H8	1.0	032k	R4i	8-	Synthetic		08-H8
8	H9	1.0	032k	R5i	5-	Synthetic		08-H9
8	H10	1.0	032k	R5i	6-	Synthetic		08-H10
8	H11	1.0	032k	R5i	7-	Synthetic		08-H11
8	H12	1.0	032k	R5i	8-	Synthetic		08-H12
9	A1	1.0	032h	R1o	1	Alpaca	solid-phase panning	09-A1
9	A2	1.0	032h	R1o	2	Alpaca		09-A2
9	A3	1.0	032h	R1o	3	Alpaca		09-A3
9	A4	1.0	032h	R1o	4	Alpaca		09-A4
9	A5	1.0	032h	R2o	1	Alpaca		09-A5
9	A6	1.0	032h	R2o	2	Alpaca		09-A6
9	A7	1.0	032h	R2o	3	Alpaca		09-A7
9	A8	1.0	032h	R2o	4	Alpaca		09-A8
9	A9	1.0	032h	R3o	1	Alpaca		09-A9
9	A10	1.0	032h	R3o	2	Alpaca		09-A10
9	A11	1.0	032h	R3o	3	Alpaca		09-A11
9	A12	1.0	032h	R3o	4	Alpaca		09-A12
9	B1	1.0	032h	R4o	1	Alpaca		09-B1
9	B2	1.0	032h	R4o	2	Alpaca		09-B2
9	B3	1.0	032h	R4o	3	Alpaca		09-B3
9	B4	1.0	032h	R4o	4	Alpaca		09-B4
9	B5	1.0	024e	R1o	1	Alpaca	cell-based tube panning	09-B5
9	B6	1.0	024e	R1o	2	Alpaca		09-B6
9	B7	1.0	024e	R1o	3	Alpaca		09-B7
9	B8	1.0	024e	R1o	4	Alpaca		09-B8
9	B9	1.0	024e	R2o	1	Alpaca		09-B9
9	B10	1.0	024e	R2o	2	Alpaca		09-B10
9	B11	1.0	024e	R2o	3	Alpaca		09-B11
9	B12	1.0	024e	R2o	4	Alpaca		09-B12
9	C1	1.0	024e	R1o	5	Alpaca		09-C1
9	C2	1.0	024e	R1o	6	Alpaca		09-C2
9	C3	1.0	024e	R2o	5	Alpaca		09-C3
9	C4	1.0	024e	R2o	6	Alpaca		09-C4
9	C5	1.0	024e	R3o	1	Alpaca		09-C5
9	C6	1.0	024e	R3o	2	Alpaca		09-C6
9	C7	1.0	024e	R3o	3	Alpaca		09-C7
9	C8	1.0	024e	R3o	4	Alpaca		09-C8
9	C9	1.0	024e	R3o	5	Alpaca		09-C9
9	C10	1.0	024e	R3o	6	Alpaca		09-C10
9	C11	1.0	024e	R4o	1	Alpaca		09-C11
9	C12	1.0	024e	R4o	2	Alpaca		09-C12
9	D1	1.0	024e	R4o	3	Alpaca		09-D1
9	D2	1.0	024e	R4o	4	Alpaca		09-D2
9	D3	1.0	024e	R4o	5	Alpaca		09-D3
9	D4	1.0	024e	R4o	6	Alpaca		09-D4
9	D5	1.0	024e	R4o	1-	Alpaca		09-D5
9	D6	1.0	024e	R4o	2-	Alpaca		09-D6
9	D7	1.0	024e	R4o	3-	Alpaca		09-D7
9	D8	1.0	024e	R4o	4-	Alpaca		09-D8
9	D9	1.0	024e	R4o	5-	Alpaca		09-D9
9	D10	1.0	024e	R4o	6-	Alpaca		09-D10
9	D11	1.0	024e	R4o	1+	Alpaca		09-D11
9	D12	1.0	024e	R4o	2+	Alpaca		09-D12
9	E1	1.0	032k	R1o	5	Synthetic	solid-phase panning	09-E1
9	E2	1.0	032k	R1o	6	Synthetic		09-E2
9	E3	1.0	032k	R1o	7	Synthetic		09-E3
9	E4	1.0	032k	R1o	8	Synthetic		09-E4
9	E5	1.0	032k	R2o	5	Synthetic		09-E5
9	E6	1.0	032k	R2o	6	Synthetic		09-E6
9	E7	1.0	032k	R2o	7	Synthetic		09-E7
9	E8	1.0	032k	R2o	8	Synthetic		09-E8
9	E9	1.0	032k	R3o	5	Synthetic		09-E9
9	E10	1.0	032k	R3o	6	Synthetic		09-E10
9	E11	1.0	032k	R3o	7	Synthetic		09-E11
9	E12	1.0	032k	R3o	8	Synthetic		09-E12
9	F1	1.0	032k	R4o	5	Synthetic		09-F1
9	F2	1.0	032k	R4o	6	Synthetic		09-F2
9	F3	1.0	032k	R4o	7	Synthetic		09-F3
9	F4	1.0	032k	R4o	8	Synthetic		09-F4
9	F5	1.0	024e	R1o	9	Synthetic		09-F5
9	F6	1.0	024e	R1o	10	Synthetic		09-F6
9	F7	1.0	024e	R1o	11	Synthetic		09-F7
9	F8	1.0	024e	R1o	12	Synthetic		09-F8
9	F9	1.0	024e	R1o	13	Synthetic		09-F9
9	F10	1.0	024e	R1o	14	Synthetic		09-F10
9	F11	1.0	024e	R2o	9	Synthetic		09-F11
9	F12	1.0	024e	R2o	10	Synthetic		09-F12
9	G1	1.0	024e	R2o	11	Synthetic		09-G1
9	G2	1.0	024e	R2o	12	Synthetic		09-G2
9	G3	1.0	024e	R2o	13	Synthetic		09-G3
9	G4	1.0	024e	R2o	14	Synthetic		09-G4
9	G5	1.0	024e	R3o	9	Synthetic		09-G5
9	G6	1.0	024e	R3o	10	Synthetic		09-G6
9	G7	1.0	024e	R3o	11	Synthetic		09-G7
9	G8	1.0	024e	R3o	12	Synthetic		09-G8
9	G9	1.0	024e	R3o	13	Synthetic		09-G9
9	G10	1.0	024e	R3o	14	Synthetic		09-G10
9	G11	1.0	024e	R4o	9	Synthetic		09-G11
9	G12	1.0	024e	R4o	10	Synthetic		09-G12
9	H1	1.0	024e	R4o	11	Synthetic		09-H1
9	H2	1.0	024e	R4o	12	Synthetic		09-H2
9	H3	1.0	024e	R4o	13	Synthetic		09-H3
9	H4	1.0	024e	R4o	14	Synthetic		09-H4
9	H5	1.0	024e	R4o	9-	Synthetic		09-H5
9	H6	1.0	024e	R4o	10-	Synthetic		09-H6
9	H7	1.0	024e	R4o	11-	Synthetic		09-H7
9	H8	1.0	024e	R4o	12-	Synthetic		09-H8
9	H9	1.0	024e	R4o	13-	Synthetic		09-H9
9	H10	1.0	024e	R4o	14-	Synthetic		09-H10
9	H11	1.0	024e	R4o	9	Synthetic		09-H11
9	H12	1.0	024e	R4o	10	Synthetic		09-H12
10	B1	48.0	024e	R2i	7	Alpaca	cell-based pooled tube panning	10-B1
10	B2	48.0	024e	R3i	7	Alpaca		10-B2
10	B3	48.0	024e	R4i	7	Alpaca		10-B3
10	B4	48.0	024e	R2i	8	Alpaca		10-B4
10	B5	48.0	024e	R3i	8	Alpaca		10-B5
10	B6	48.0	024e	R4i	8	Alpaca		10-B6
10	B7	48.0	024e	R2i	15	Synthetic		10-B7
10	B8	48.0	024e	R3i	15	Synthetic		10-B8
10	B9	48.0	024e	R4i	15	Synthetic		10-B9
10	B10	48.0	024e	R2i	16	Synthetic		10-B10
10	B11	48.0	024e	R3i	16	Synthetic		10-B11
10	B12	48.0	024e	R4i	16	Synthetic		10-B12
11	A2	1.0	024e	R2i	3	Alpaca		11-A2
11	A4	1.0	024e	R4i	5	Alpaca		11-A4
11	A5	1.0	024e_pooled	R5i	7_B1	Alpaca		11-A5
11	A6	1.0	024e_pooled	R5i	7_D1	Alpaca		11-A6
11	A7	1.0	024e_pooled	R5i	7_F6	Alpaca		11-A7
11	A8	1.0	024e_pooled	R5i	7_H1	Alpaca		11-A8
11	A9	1.0	024e_pooled	R5i	7_H8	Alpaca		11-A9
11	A12	1.0	024e_pooled	R5i	8_H1	Alpaca		11-A12
11	B9	1.0	blank	blank	blank	Alpaca		11-B9
11	B10	1.0	blank	blank	blank	Alpaca		11-B10
11	B11	1.0	blank	blank	blank	Alpaca		11-B11
11	B12	1.0	blank	blank	blank	Alpaca		11-B12
11	E1	1.0	032h	R3i	1	Alpaca		11-E1
11	E2	1.0	032h	R3i	2	Alpaca		11-E2
11	E3	1.0	032h	R3i	3	Alpaca		11-E3
11	E4	1.0	032h	R3i	4	Alpaca		11-E4
11	E5	1.0	032h	R4i	1	Alpaca		11-E5
11	E6	1.0	032h	R4i	2	Alpaca		11-E6
11	E7	1.0	032h	R4i	3	Alpaca		11-E7
11	E8	1.0	032h	R4i	4	Alpaca		11-E8
11	E9	1.0	032h	R5i	1	Alpaca		11-E9
11	E10	1.0	032h	R5i	2	Alpaca		11-E10
11	E11	1.0	032h	R5i	3	Alpaca		11-E11
11	E12	1.0	032h	R5i	4	Alpaca		11-E12
11	F1	1.0	024e	R4i	1	Alpaca		11-F1
11	F2	1.0	024e	R4i	2	Alpaca		11-F2
11	F3	1.0	024e	R4i	3	Alpaca		11-F3
11	F4	1.0	024e	R4i	4	Alpaca		11-F4
11	F5	1.0	024e	R4i	5	Alpaca		11-F5
11	F6	1.0	024e	R4i	6	Alpaca		11-F6
11	F7	1.0	024e	R5i	1	Alpaca		11-F7
11	F8	1.0	024e	R5i	2	Alpaca		11-F8
11	F9	1.0	024e	R5i	3	Alpaca		11-F9
11	F10	1.0	024e	R5i	4	Alpaca		11-F10
11	F11	1.0	024e	R5i	5	Alpaca		11-F11
11	F12	1.0	024e	R5i	6	Alpaca		11-F12
11	G1	1.0	024e_pooled	R5i	7_B1	Alpaca		11-G1
11	G2	1.0	024e_pooled	R5i	7_B2	Alpaca		11-G2
11	G3	1.0	024e_pooled	R5i	7_B3	Alpaca		11-G3
11	G4	1.0	024e_pooled	R5i	7_B4	Alpaca		11-G4
11	G5	1.0	024e_pooled	R5i	7_B5	Alpaca		11-G5
11	G6	1.0	024e_pooled	R5i	7_B6	Alpaca		11-G6
11	G7	1.0	024e_pooled	R5i	7_B7	Alpaca		11-G7
11	G8	1.0	024e_pooled	R5i	7_B8	Alpaca		11-G8
11	G9	1.0	024e_pooled	R5i	7_B9	Alpaca		11-G9
11	G10	1.0	024e_pooled	R5i	7_B10	Alpaca		11-G10
11	G11	1.0	024e_pooled	R5i	7_B11	Alpaca		11-G11
11	G12	1.0	024e_pooled	R5i	7_B12	Alpaca		11-G12
11	H1	1.0	024e_pooled	R5i	8_B1	Alpaca		11-H1
11	H2	1.0	024e_pooled	R5i	8_B2	Alpaca		11-H2
11	H3	1.0	024e_pooled	R5i	8_B3	Alpaca		11-H3
11	H4	1.0	024e_pooled	R5i	8_B4	Alpaca		11-H4
11	H5	1.0	024e_pooled	R5i	8_B5	Alpaca		11-H5
11	H6	1.0	024e_pooled	R5i	8_B6	Alpaca		11-H6
11	H7	1.0	024e_pooled	R5i	8_B7	Alpaca		11-H7
11	H8	1.0	024e_pooled	R5i	8_B8	Alpaca		11-H8
11	H9	1.0	024e_pooled	R5i	8_B9	Alpaca		11-H9
11	H10	1.0	024e_pooled	R5i	8_B10	Alpaca		11-H10
11	H11	1.0	024e_pooled	R5i	8_B11	Alpaca		11-H11
11	H12	1.0	024e_pooled	R5i	8_B12	Alpaca		11-H12
12	A2	1.0	027e	R2i	A2	Synthetic		12-A2
12	A3	1.0	027e	R2i	A5	Synthetic		12-A3
12	A4	1.0	027e	R2i	A6	Synthetic		12-A4
12	A5	1.0	027e	R2i	A7	Synthetic		12-A5
12	A6	1.0	027e	R2i	A8	Synthetic		12-A6
12	A7	1.0	027e	R2i	A9	Synthetic		12-A7
12	A8	1.0	027e	R2i	D5	Synthetic		12-A8
12	A9	1.0	027e	R2i	F9	Synthetic		12-A9
12	A10	1.0	027e	R2i	H2	Synthetic		12-A10
12	A11	1.0	027e	R4i	A5	Synthetic		12-A11
12	A12	1.0	027e	R4i	B10	Synthetic		12-A12
12	B1	1.0	027e	R4i	C8	Synthetic		12-B1
12	B2	1.0	027e	R4i	H1	Synthetic		12-B2
12	B3	1.0	032k	R2i	5	Synthetic		12-B3
12	B4	1.0	032k	R3i	5	Synthetic		12-B4
12	B9	1.0	blank	blank	blank	Synthetic		12-B9
12	B10	1.0	blank	blank	blank	Synthetic		12-B10
12	B11	1.0	blank	blank	blank	Synthetic		12-B11
12	B12	1.0	blank	blank	blank	Synthetic		12-B12
12	E2	1.0	032k	R3i	6	Synthetic		12-E2
12	E3	1.0	032k	R3i	7	Synthetic		12-E3
12	E4	1.0	032k	R3i	8	Synthetic		12-E4
12	E5	1.0	032k	R4i	5	Synthetic		12-E5
12	E6	1.0	032k	R4i	6	Synthetic		12-E6
12	E7	1.0	032k	R4i	7	Synthetic		12-E7
12	E8	1.0	032k	R4i	8	Synthetic		12-E8
12	E9	1.0	032k	R5i	5	Synthetic		12-E9
12	E10	1.0	032k	R5i	6	Synthetic		12-E10
12	E11	1.0	032k	R5i	7	Synthetic		12-E11
12	E12	1.0	032k	R5i	8	Synthetic		12-E12
12	F1	1.0	024e	R4i	9	Synthetic		12-F1
12	F2	1.0	024e	R4i	10	Synthetic		12-F2
12	F3	1.0	024e	R4i	11	Synthetic		12-F3
12	F4	1.0	024e	R4i	12	Synthetic		12-F4
12	F5	1.0	024e	R4i	13	Synthetic		12-F5
12	F6	1.0	024e	R4i	14	Synthetic		12-F6
12	F7	1.0	024e	R5i	9	Synthetic		12-F7
12	F8	1.0	024e	R5i	10	Synthetic		12-F8
12	F9	1.0	024e	R5i	11	Synthetic		12-F9
12	F10	1.0	024e	R5i	12	Synthetic		12-F10
12	F11	1.0	024e	R5i	13	Synthetic		12-F11
12	F12	1.0	024e	R5i	14	Synthetic		12-F12
12	G1	1.0	024e_pooled	R5i	15_B1	Synthetic		12-G1
12	G2	1.0	024e_pooled	R5i	15_B2	Synthetic		12-G2
12	G3	1.0	024e_pooled	R5i	15_B3	Synthetic		12-G3
12	G4	1.0	024e_pooled	R5i	15_B4	Synthetic		12-G4
12	G5	1.0	024e_pooled	R5i	15_B5	Synthetic		12-G5
12	G6	1.0	024e_pooled	R5i	15_B6	Synthetic		12-G6
12	G7	1.0	024e_pooled	R5i	15_B7	Synthetic		12-G7
12	G8	1.0	024e_pooled	R5i	15_B8	Synthetic		12-G8
12	G9	1.0	024e_pooled	R5i	15_B9	Synthetic		12-G9
12	G11	1.0	024e_pooled	R5i	15_B11	Synthetic		12-G11
12	G12	1.0	024e_pooled	R5i	15_B12	Synthetic		12-G12
12	H1	1.0	024e_pooled	R5i	16_B1	Synthetic		12-H1
12	H2	1.0	024e_pooled	R5i	16_B2	Synthetic		12-H2
12	H3	1.0	024e_pooled	R5i	16_B3	Synthetic		12-H3
12	H4	1.0	024e_pooled	R5i	16_B4	Synthetic		12-H4
12	H5	1.0	024e_pooled	R5i	16_B5	Synthetic		12-H5
12	H6	1.0	024e_pooled	R5i	16_B6	Synthetic		12-H6
12	H7	1.0	024e_pooled	R5i	16_B7	Synthetic		12-H7
12	H8	1.0	024e_pooled	R5i	16_B8	Synthetic		12-H8
12	H9	1.0	024e_pooled	R5i	16_B9	Synthetic		12-H9
12	H10	1.0	024e_pooled	R5i	16_B10	Synthetic		12-H10
12	H11	1.0	024e_pooled	R5i	16_B11	Synthetic		12-H11
12	H12	1.0	024e_pooled	R5i	16_B12	Synthetic		12-H12
